<annotation>
  <folder></folder>
  <filename>foto19738.jpg</filename>
  <source>
    <database>Unknown</database>
    <annotation>Unknown</annotation>
    <image>Unknown</image>
  </source>
  <size>
    <width>149</width>
    <height>203</height>
    <depth></depth>
  </size>
  <segmented>0</segmented>
  <object>
    <name>1</name>
    <truncated>0</truncated>
    <occluded>0</occluded>
    <difficult>0</difficult>
    <bndbox>
      <xmin>86.37</xmin>
      <ymin>97.96</ymin>
      <xmax>111.06</xmax>
      <ymax>150.77</ymax>
    </bndbox>
    <attributes>
      <attribute>
        <name>rotation</name>
        <value>330.5999999999999</value>
      </attribute>
    </attributes>
  </object>
  <object>
    <name>9</name>
    <truncated>0</truncated>
    <occluded>0</occluded>
    <difficult>0</difficult>
    <bndbox>
      <xmin>109.2</xmin>
      <ymin>84.5</ymin>
      <xmax>136.3</xmax>
      <ymax>140.08</ymax>
    </bndbox>
    <attributes>
      <attribute>
        <name>rotation</name>
        <value>330.5999999999999</value>
      </attribute>
    </attributes>
  </object>
  <object>
    <name>6</name>
    <truncated>0</truncated>
    <occluded>0</occluded>
    <difficult>0</difficult>
    <bndbox>
      <xmin>30.81</xmin>
      <ymin>123.39</ymin>
      <xmax>59.21</xmax>
      <ymax>177.87</ymax>
    </bndbox>
    <attributes>
      <attribute>
        <name>rotation</name>
        <value>331.5</value>
      </attribute>
    </attributes>
  </object>
  <object>
    <name>7</name>
    <truncated>0</truncated>
    <occluded>0</occluded>
    <difficult>0</difficult>
    <bndbox>
      <xmin>56.0</xmin>
      <ymin>108.61</ymin>
      <xmax>87.25</xmax>
      <ymax>163.35</ymax>
    </bndbox>
    <attributes>
      <attribute>
        <name>rotation</name>
        <value>331.1</value>
      </attribute>
    </attributes>
  </object>
</annotation>
