<annotation>
  <folder></folder>
  <filename>foto19714.jpg</filename>
  <source>
    <database>Unknown</database>
    <annotation>Unknown</annotation>
    <image>Unknown</image>
  </source>
  <size>
    <width>161</width>
    <height>118</height>
    <depth></depth>
  </size>
  <segmented>0</segmented>
  <object>
    <name>9</name>
    <truncated>0</truncated>
    <occluded>0</occluded>
    <difficult>0</difficult>
    <bndbox>
      <xmin>95.79</xmin>
      <ymin>18.42</ymin>
      <xmax>137.71</xmax>
      <ymax>40.87</ymax>
    </bndbox>
    <attributes>
      <attribute>
        <name>rotation</name>
        <value>5.199999999999989</value>
      </attribute>
    </attributes>
  </object>
  <object>
    <name>6</name>
    <truncated>0</truncated>
    <occluded>0</occluded>
    <difficult>0</difficult>
    <bndbox>
      <xmin>128.45</xmin>
      <ymin>7.92</ymin>
      <xmax>143.34</xmax>
      <ymax>18.83</ymax>
    </bndbox>
    <attributes>
      <attribute>
        <name>rotation</name>
        <value>10.799999999999997</value>
      </attribute>
    </attributes>
  </object>
  <object>
    <name>6</name>
    <truncated>0</truncated>
    <occluded>0</occluded>
    <difficult>0</difficult>
    <bndbox>
      <xmin>68.51</xmin>
      <ymin>86.27</ymin>
      <xmax>114.56</xmax>
      <ymax>106.62</ymax>
    </bndbox>
    <attributes>
      <attribute>
        <name>rotation</name>
        <value>16.39999999999999</value>
      </attribute>
    </attributes>
  </object>
  <object>
    <name>7</name>
    <truncated>0</truncated>
    <occluded>0</occluded>
    <difficult>0</difficult>
    <bndbox>
      <xmin>73.92</xmin>
      <ymin>64.19</ymin>
      <xmax>121.7</xmax>
      <ymax>86.17</ymax>
    </bndbox>
    <attributes>
      <attribute>
        <name>rotation</name>
        <value>16.299999999999997</value>
      </attribute>
    </attributes>
  </object>
  <object>
    <name>1</name>
    <truncated>0</truncated>
    <occluded>0</occluded>
    <difficult>0</difficult>
    <bndbox>
      <xmin>88.16</xmin>
      <ymin>42.37</ymin>
      <xmax>133.4</xmax>
      <ymax>58.84</ymax>
    </bndbox>
    <attributes>
      <attribute>
        <name>rotation</name>
        <value>4.699999999999989</value>
      </attribute>
    </attributes>
  </object>
</annotation>
