<annotation>
  <folder></folder>
  <filename>foto19715.jpg</filename>
  <source>
    <database>Unknown</database>
    <annotation>Unknown</annotation>
    <image>Unknown</image>
  </source>
  <size>
    <width>105</width>
    <height>143</height>
    <depth></depth>
  </size>
  <segmented>0</segmented>
  <object>
    <name>7</name>
    <truncated>0</truncated>
    <occluded>0</occluded>
    <difficult>0</difficult>
    <bndbox>
      <xmin>27.85</xmin>
      <ymin>76.16</ymin>
      <xmax>53.75</xmax>
      <ymax>119.17</ymax>
    </bndbox>
    <attributes>
      <attribute>
        <name>rotation</name>
        <value>337.3</value>
      </attribute>
    </attributes>
  </object>
  <object>
    <name>6</name>
    <truncated>0</truncated>
    <occluded>0</occluded>
    <difficult>0</difficult>
    <bndbox>
      <xmin>4.56</xmin>
      <ymin>88.49</ymin>
      <xmax>28.83</xmax>
      <ymax>130.48</ymax>
    </bndbox>
    <attributes>
      <attribute>
        <name>rotation</name>
        <value>338.6</value>
      </attribute>
    </attributes>
  </object>
  <object>
    <name>9</name>
    <truncated>0</truncated>
    <occluded>0</occluded>
    <difficult>0</difficult>
    <bndbox>
      <xmin>75.8</xmin>
      <ymin>54.05</ymin>
      <xmax>98.91</xmax>
      <ymax>97.06</ymax>
    </bndbox>
    <attributes>
      <attribute>
        <name>rotation</name>
        <value>339.9</value>
      </attribute>
    </attributes>
  </object>
  <object>
    <name>1</name>
    <truncated>0</truncated>
    <occluded>0</occluded>
    <difficult>0</difficult>
    <bndbox>
      <xmin>54.05</xmin>
      <ymin>63.38</ymin>
      <xmax>73.26</xmax>
      <ymax>107.32</ymax>
    </bndbox>
    <attributes>
      <attribute>
        <name>rotation</name>
        <value>341.6</value>
      </attribute>
    </attributes>
  </object>
</annotation>
