<annotation>
  <folder>result</folder>
  <filename>result_foto14075.jpg_92.jpg</filename>
  <source>
    <database>Unknown</database>
    <annotation>Unknown</annotation>
    <image>Unknown</image>
  </source>
  <size>
    <width>197</width>
    <height>151</height>
    <depth></depth>
  </size>
  <segmented>0</segmented>
  <object>
    <name>2</name>
    <truncated>0</truncated>
    <occluded>0</occluded>
    <difficult>0</difficult>
    <bndbox>
      <xmin>132.09</xmin>
      <ymin>54.55</ymin>
      <xmax>165.46</xmax>
      <ymax>133.71</ymax>
    </bndbox>
    <attributes>
      <attribute>
        <name>rotation</name>
        <value>5.300000000000011</value>
      </attribute>
    </attributes>
  </object>
  <object>
    <name>1</name>
    <truncated>0</truncated>
    <occluded>0</occluded>
    <difficult>0</difficult>
    <bndbox>
      <xmin>96.68</xmin>
      <ymin>48.04</ymin>
      <xmax>120.28</xmax>
      <ymax>121.70999999999998</ymax>
    </bndbox>
    <attributes>
      <attribute>
        <name>rotation</name>
        <value>0.0</value>
      </attribute>
    </attributes>
  </object>
  <object>
    <name>8</name>
    <truncated>0</truncated>
    <occluded>0</occluded>
    <difficult>0</difficult>
    <bndbox>
      <xmin>51.09</xmin>
      <ymin>37.86</ymin>
      <xmax>82.23</xmax>
      <ymax>110.92</ymax>
    </bndbox>
    <attributes>
      <attribute>
        <name>rotation</name>
        <value>0.0</value>
      </attribute>
    </attributes>
  </object>
  <object>
    <name>6</name>
    <truncated>0</truncated>
    <occluded>0</occluded>
    <difficult>0</difficult>
    <bndbox>
      <xmin>12.42</xmin>
      <ymin>29.31</ymin>
      <xmax>42.13</xmax>
      <ymax>99.12</ymax>
    </bndbox>
    <attributes>
      <attribute>
        <name>rotation</name>
        <value>0.0</value>
      </attribute>
    </attributes>
  </object>
</annotation>
