<annotation>
  <folder>result</folder>
  <filename>result_foto11701.jpg_24.jpg</filename>
  <source>
    <database>Unknown</database>
    <annotation>Unknown</annotation>
    <image>Unknown</image>
  </source>
  <size>
    <width>268</width>
    <height>322</height>
    <depth></depth>
  </size>
  <segmented>0</segmented>
  <object>
    <name>0</name>
    <truncated>0</truncated>
    <occluded>0</occluded>
    <difficult>0</difficult>
    <bndbox>
      <xmin>231.54</xmin>
      <ymin>205.65</ymin>
      <xmax>259.46</xmax>
      <ymax>242.55</ymax>
    </bndbox>
    <attributes>
      <attribute>
        <name>rotation</name>
        <value>330.0</value>
      </attribute>
    </attributes>
  </object>
  <object>
    <name>2</name>
    <truncated>0</truncated>
    <occluded>0</occluded>
    <difficult>0</difficult>
    <bndbox>
      <xmin>135.2</xmin>
      <ymin>198.89</ymin>
      <xmax>181.43</xmax>
      <ymax>300.17</ymax>
    </bndbox>
    <attributes>
      <attribute>
        <name>rotation</name>
        <value>339.59999999999997</value>
      </attribute>
    </attributes>
  </object>
  <object>
    <name>8</name>
    <truncated>0</truncated>
    <occluded>0</occluded>
    <difficult>0</difficult>
    <bndbox>
      <xmin>84.96</xmin>
      <ymin>228.59</ymin>
      <xmax>137.05</xmax>
      <ymax>325.68</ymax>
    </bndbox>
    <attributes>
      <attribute>
        <name>rotation</name>
        <value>338.4</value>
      </attribute>
    </attributes>
  </object>
  <object>
    <name>4</name>
    <truncated>0</truncated>
    <occluded>0</occluded>
    <difficult>0</difficult>
    <bndbox>
      <xmin>180.36</xmin>
      <ymin>166.54</ymin>
      <xmax>224.45</xmax>
      <ymax>269.93</ymax>
    </bndbox>
    <attributes>
      <attribute>
        <name>rotation</name>
        <value>337.4</value>
      </attribute>
    </attributes>
  </object>
</annotation>
