<annotation>
  <folder>result</folder>
  <filename>result_foto14120.jpg_198.jpg</filename>
  <source>
    <database>Unknown</database>
    <annotation>Unknown</annotation>
    <image>Unknown</image>
  </source>
  <size>
    <width>110</width>
    <height>219</height>
    <depth></depth>
  </size>
  <segmented>0</segmented>
  <object>
    <name>8</name>
    <truncated>0</truncated>
    <occluded>0</occluded>
    <difficult>0</difficult>
    <bndbox>
      <xmin>5.63</xmin>
      <ymin>130.48</ymin>
      <xmax>32.99</xmax>
      <ymax>200.61</ymax>
    </bndbox>
    <attributes>
      <attribute>
        <name>rotation</name>
        <value>15.80000000000004</value>
      </attribute>
    </attributes>
  </object>
  <object>
    <name>1</name>
    <truncated>0</truncated>
    <occluded>0</occluded>
    <difficult>0</difficult>
    <bndbox>
      <xmin>31.41</xmin>
      <ymin>162.76</ymin>
      <xmax>51.47</xmax>
      <ymax>219.81</ymax>
    </bndbox>
    <attributes>
      <attribute>
        <name>rotation</name>
        <value>10.5</value>
      </attribute>
    </attributes>
  </object>
</annotation>
