<annotation>
  <folder>result</folder>
  <filename>result_foto24.jpg_14.jpg</filename>
  <source>
    <database>Unknown</database>
    <annotation>Unknown</annotation>
    <image>Unknown</image>
  </source>
  <size>
    <width>131</width>
    <height>123</height>
    <depth></depth>
  </size>
  <segmented>0</segmented>
  <object>
    <name>0</name>
    <truncated>0</truncated>
    <occluded>0</occluded>
    <difficult>0</difficult>
    <bndbox>
      <xmin>72.77</xmin>
      <ymin>44.34</ymin>
      <xmax>97.83</xmax>
      <ymax>89.0</ymax>
    </bndbox>
    <attributes>
      <attribute>
        <name>rotation</name>
        <value>333.8999999999999</value>
      </attribute>
    </attributes>
  </object>
  <object>
    <name>8</name>
    <truncated>0</truncated>
    <occluded>0</occluded>
    <difficult>0</difficult>
    <bndbox>
      <xmin>48.52</xmin>
      <ymin>56.23</ymin>
      <xmax>72.94</xmax>
      <ymax>102.65</ymax>
    </bndbox>
    <attributes>
      <attribute>
        <name>rotation</name>
        <value>333.8999999999999</value>
      </attribute>
    </attributes>
  </object>
  <object>
    <name>6</name>
    <truncated>0</truncated>
    <occluded>0</occluded>
    <difficult>0</difficult>
    <bndbox>
      <xmin>22.61</xmin>
      <ymin>70.03</ymin>
      <xmax>47.38</xmax>
      <ymax>117.67</ymax>
    </bndbox>
    <attributes>
      <attribute>
        <name>rotation</name>
        <value>332.5</value>
      </attribute>
    </attributes>
  </object>
  <object>
    <name>6</name>
    <truncated>0</truncated>
    <occluded>0</occluded>
    <difficult>0</difficult>
    <bndbox>
      <xmin>98.83</xmin>
      <ymin>31.69</ymin>
      <xmax>121.16</xmax>
      <ymax>77.69</ymax>
    </bndbox>
    <attributes>
      <attribute>
        <name>rotation</name>
        <value>332.5</value>
      </attribute>
    </attributes>
  </object>
</annotation>
