<annotation>
  <folder>result</folder>
  <filename>result_foto17509.jpg_110.jpg</filename>
  <source>
    <database>Unknown</database>
    <annotation>Unknown</annotation>
    <image>Unknown</image>
  </source>
  <size>
    <width>196</width>
    <height>164</height>
    <depth></depth>
  </size>
  <segmented>0</segmented>
  <object>
    <name>6</name>
    <truncated>0</truncated>
    <occluded>0</occluded>
    <difficult>0</difficult>
    <bndbox>
      <xmin>170.28</xmin>
      <ymin>134.84</ymin>
      <xmax>187.69</xmax>
      <ymax>155.49</ymax>
    </bndbox>
    <attributes>
      <attribute>
        <name>rotation</name>
        <value>0.0</value>
      </attribute>
    </attributes>
  </object>
  <object>
    <name>4</name>
    <truncated>0</truncated>
    <occluded>0</occluded>
    <difficult>0</difficult>
    <bndbox>
      <xmin>131.8</xmin>
      <ymin>104.87</ymin>
      <xmax>164.4</xmax>
      <ymax>156.91</ymax>
    </bndbox>
    <attributes>
      <attribute>
        <name>rotation</name>
        <value>352.1</value>
      </attribute>
    </attributes>
  </object>
  <object>
    <name>8</name>
    <truncated>0</truncated>
    <occluded>0</occluded>
    <difficult>0</difficult>
    <bndbox>
      <xmin>93.38</xmin>
      <ymin>104.93</ymin>
      <xmax>124.49</xmax>
      <ymax>159.5</ymax>
    </bndbox>
    <attributes>
      <attribute>
        <name>rotation</name>
        <value>342.09999999999997</value>
      </attribute>
    </attributes>
  </object>
  <object>
    <name>8</name>
    <truncated>0</truncated>
    <occluded>0</occluded>
    <difficult>0</difficult>
    <bndbox>
      <xmin>56.79</xmin>
      <ymin>106.65</ymin>
      <xmax>87.91</xmax>
      <ymax>161.22</ymax>
    </bndbox>
    <attributes>
      <attribute>
        <name>rotation</name>
        <value>342.09999999999997</value>
      </attribute>
    </attributes>
  </object>
  <object>
    <name>6</name>
    <truncated>0</truncated>
    <occluded>0</occluded>
    <difficult>0</difficult>
    <bndbox>
      <xmin>26.75</xmin>
      <ymin>108.97</ymin>
      <xmax>53.5</xmax>
      <ymax>161.06</ymax>
    </bndbox>
    <attributes>
      <attribute>
        <name>rotation</name>
        <value>342.80000000000007</value>
      </attribute>
    </attributes>
  </object>
</annotation>
