<annotation>
  <folder>result</folder>
  <filename>result_foto11178.jpg_21.jpg</filename>
  <source>
    <database>Unknown</database>
    <annotation>Unknown</annotation>
    <image>Unknown</image>
  </source>
  <size>
    <width>132</width>
    <height>185</height>
    <depth></depth>
  </size>
  <segmented>0</segmented>
  <object>
    <name>3</name>
    <truncated>0</truncated>
    <occluded>0</occluded>
    <difficult>0</difficult>
    <bndbox>
      <xmin>89.08</xmin>
      <ymin>93.49</ymin>
      <xmax>116.33</xmax>
      <ymax>145.81</ymax>
    </bndbox>
    <attributes>
      <attribute>
        <name>rotation</name>
        <value>352.5</value>
      </attribute>
    </attributes>
  </object>
  <object>
    <name>0</name>
    <truncated>0</truncated>
    <occluded>0</occluded>
    <difficult>0</difficult>
    <bndbox>
      <xmin>61.78</xmin>
      <ymin>105.63</ymin>
      <xmax>88.63</xmax>
      <ymax>157.9</ymax>
    </bndbox>
    <attributes>
      <attribute>
        <name>rotation</name>
        <value>354.2</value>
      </attribute>
    </attributes>
  </object>
  <object>
    <name>6</name>
    <truncated>0</truncated>
    <occluded>0</occluded>
    <difficult>0</difficult>
    <bndbox>
      <xmin>5.33</xmin>
      <ymin>127.11</ymin>
      <xmax>33.97</xmax>
      <ymax>182.01</ymax>
    </bndbox>
    <attributes>
      <attribute>
        <name>rotation</name>
        <value>349.3</value>
      </attribute>
    </attributes>
  </object>
  <object>
    <name>8</name>
    <truncated>0</truncated>
    <occluded>0</occluded>
    <difficult>0</difficult>
    <bndbox>
      <xmin>34.57</xmin>
      <ymin>119.95</ymin>
      <xmax>61.03</xmax>
      <ymax>174.25</ymax>
    </bndbox>
    <attributes>
      <attribute>
        <name>rotation</name>
        <value>349.7</value>
      </attribute>
    </attributes>
  </object>
</annotation>
