<annotation>
  <folder>result</folder>
  <filename>result_foto13611.jpg_17.jpg</filename>
  <source>
    <database>Unknown</database>
    <annotation>Unknown</annotation>
    <image>Unknown</image>
  </source>
  <size>
    <width>268</width>
    <height>319</height>
    <depth></depth>
  </size>
  <segmented>0</segmented>
  <object>
    <name>7</name>
    <truncated>0</truncated>
    <occluded>0</occluded>
    <difficult>0</difficult>
    <bndbox>
      <xmin>183.12</xmin>
      <ymin>64.06</ymin>
      <xmax>264.52</xmax>
      <ymax>125.62</ymax>
    </bndbox>
    <attributes>
      <attribute>
        <name>rotation</name>
        <value>7.1000000000000085</value>
      </attribute>
    </attributes>
  </object>
  <object>
    <name>2</name>
    <truncated>0</truncated>
    <occluded>0</occluded>
    <difficult>0</difficult>
    <bndbox>
      <xmin>175.45</xmin>
      <ymin>129.13</ymin>
      <xmax>256.19</xmax>
      <ymax>183.25</ymax>
    </bndbox>
    <attributes>
      <attribute>
        <name>rotation</name>
        <value>11.300000000000026</value>
      </attribute>
    </attributes>
  </object>
  <object>
    <name>6</name>
    <truncated>0</truncated>
    <occluded>0</occluded>
    <difficult>0</difficult>
    <bndbox>
      <xmin>161.42</xmin>
      <ymin>251.63</ymin>
      <xmax>238.56</xmax>
      <ymax>301.23</ymax>
    </bndbox>
    <attributes>
      <attribute>
        <name>rotation</name>
        <value>15.800000000000026</value>
      </attribute>
    </attributes>
  </object>
  <object>
    <name>8</name>
    <truncated>0</truncated>
    <occluded>0</occluded>
    <difficult>0</difficult>
    <bndbox>
      <xmin>168.27</xmin>
      <ymin>186.49</ymin>
      <xmax>249.67</xmax>
      <ymax>245.51</ymax>
    </bndbox>
    <attributes>
      <attribute>
        <name>rotation</name>
        <value>13.099999999999994</value>
      </attribute>
    </attributes>
  </object>
</annotation>
