<annotation>
  <folder>result</folder>
  <filename>result_foto14070.jpg_131.jpg</filename>
  <source>
    <database>Unknown</database>
    <annotation>Unknown</annotation>
    <image>Unknown</image>
  </source>
  <size>
    <width>167</width>
    <height>173</height>
    <depth></depth>
  </size>
  <segmented>0</segmented>
  <object>
    <name>2</name>
    <truncated>0</truncated>
    <occluded>0</occluded>
    <difficult>0</difficult>
    <bndbox>
      <xmin>44.94</xmin>
      <ymin>84.05</ymin>
      <xmax>59.09</xmax>
      <ymax>161.12</ymax>
    </bndbox>
    <attributes>
      <attribute>
        <name>rotation</name>
        <value>37.40000000000002</value>
      </attribute>
    </attributes>
  </object>
  <object>
    <name>1</name>
    <truncated>0</truncated>
    <occluded>0</occluded>
    <difficult>0</difficult>
    <bndbox>
      <xmin>38.59</xmin>
      <ymin>73.42</ymin>
      <xmax>50.02</xmax>
      <ymax>152.25</ymax>
    </bndbox>
    <attributes>
      <attribute>
        <name>rotation</name>
        <value>36.60000000000001</value>
      </attribute>
    </attributes>
  </object>
  <object>
    <name>8</name>
    <truncated>0</truncated>
    <occluded>0</occluded>
    <difficult>0</difficult>
    <bndbox>
      <xmin>32.69</xmin>
      <ymin>61.84</ymin>
      <xmax>42.34</xmax>
      <ymax>135.69</ymax>
    </bndbox>
    <attributes>
      <attribute>
        <name>rotation</name>
        <value>39.10000000000002</value>
      </attribute>
    </attributes>
  </object>
  <object>
    <name>6</name>
    <truncated>0</truncated>
    <occluded>0</occluded>
    <difficult>0</difficult>
    <bndbox>
      <xmin>21.54</xmin>
      <ymin>53.02</ymin>
      <xmax>36.63</xmax>
      <ymax>126.68</ymax>
    </bndbox>
    <attributes>
      <attribute>
        <name>rotation</name>
        <value>37.79999999999998</value>
      </attribute>
    </attributes>
  </object>
</annotation>
