<annotation>
  <folder>result</folder>
  <filename>result_foto14127.jpg_120.jpg</filename>
  <source>
    <database>Unknown</database>
    <annotation>Unknown</annotation>
    <image>Unknown</image>
  </source>
  <size>
    <width>110</width>
    <height>270</height>
    <depth></depth>
  </size>
  <segmented>0</segmented>
  <object>
    <name>8</name>
    <truncated>0</truncated>
    <occluded>0</occluded>
    <difficult>0</difficult>
    <bndbox>
      <xmin>13.06</xmin>
      <ymin>138.36</ymin>
      <xmax>32.46</xmax>
      <ymax>215.38</ymax>
    </bndbox>
    <attributes>
      <attribute>
        <name>rotation</name>
        <value>19.60000000000001</value>
      </attribute>
    </attributes>
  </object>
  <object>
    <name>1</name>
    <truncated>0</truncated>
    <occluded>0</occluded>
    <difficult>0</difficult>
    <bndbox>
      <xmin>27.85</xmin>
      <ymin>155.89</ymin>
      <xmax>45.64</xmax>
      <ymax>236.34</ymax>
    </bndbox>
    <attributes>
      <attribute>
        <name>rotation</name>
        <value>16.60000000000001</value>
      </attribute>
    </attributes>
  </object>
  <object>
    <name>2</name>
    <truncated>0</truncated>
    <occluded>0</occluded>
    <difficult>0</difficult>
    <bndbox>
      <xmin>42.3</xmin>
      <ymin>170.16</ymin>
      <xmax>59.47</xmax>
      <ymax>254.25</ymax>
    </bndbox>
    <attributes>
      <attribute>
        <name>rotation</name>
        <value>17.90000000000005</value>
      </attribute>
    </attributes>
  </object>
</annotation>
