<annotation>
  <folder>result</folder>
  <filename>result_foto478.jpg_46.jpg</filename>
  <source>
    <database>Unknown</database>
    <annotation>Unknown</annotation>
    <image>Unknown</image>
  </source>
  <size>
    <width>162</width>
    <height>250</height>
    <depth></depth>
  </size>
  <segmented>0</segmented>
  <object>
    <name>7</name>
    <truncated>0</truncated>
    <occluded>0</occluded>
    <difficult>0</difficult>
    <bndbox>
      <xmin>36.43</xmin>
      <ymin>135.38</ymin>
      <xmax>62.53</xmax>
      <ymax>208.0</ymax>
    </bndbox>
    <attributes>
      <attribute>
        <name>rotation</name>
        <value>14.0</value>
      </attribute>
    </attributes>
  </object>
  <object>
    <name>0</name>
    <truncated>0</truncated>
    <occluded>0</occluded>
    <difficult>0</difficult>
    <bndbox>
      <xmin>99.01</xmin>
      <ymin>159.95</ymin>
      <xmax>131.53</xmax>
      <ymax>233.06</ymax>
    </bndbox>
    <attributes>
      <attribute>
        <name>rotation</name>
        <value>0.0</value>
      </attribute>
    </attributes>
  </object>
  <object>
    <name>2</name>
    <truncated>0</truncated>
    <occluded>0</occluded>
    <difficult>0</difficult>
    <bndbox>
      <xmin>63.8</xmin>
      <ymin>148.34</ymin>
      <xmax>98.73</xmax>
      <ymax>223.5</ymax>
    </bndbox>
    <attributes>
      <attribute>
        <name>rotation</name>
        <value>2.5000000000000284</value>
      </attribute>
    </attributes>
  </object>
  <object>
    <name>6</name>
    <truncated>0</truncated>
    <occluded>0</occluded>
    <difficult>0</difficult>
    <bndbox>
      <xmin>3.31</xmin>
      <ymin>123.66</ymin>
      <xmax>33.41</xmax>
      <ymax>200.54</ymax>
    </bndbox>
    <attributes>
      <attribute>
        <name>rotation</name>
        <value>0.0</value>
      </attribute>
    </attributes>
  </object>
</annotation>
