<annotation>
  <folder>result</folder>
  <filename>result_foto16158.jpg_43.jpg</filename>
  <source>
    <database>Unknown</database>
    <annotation>Unknown</annotation>
    <image>Unknown</image>
  </source>
  <size>
    <width>158</width>
    <height>283</height>
    <depth></depth>
  </size>
  <segmented>0</segmented>
  <object>
    <name>2</name>
    <truncated>0</truncated>
    <occluded>0</occluded>
    <difficult>0</difficult>
    <bndbox>
      <xmin>85.25</xmin>
      <ymin>123.55</ymin>
      <xmax>119.13</xmax>
      <ymax>210.89</ymax>
    </bndbox>
    <attributes>
      <attribute>
        <name>rotation</name>
        <value>338.7</value>
      </attribute>
    </attributes>
  </object>
  <object>
    <name>7</name>
    <truncated>0</truncated>
    <occluded>0</occluded>
    <difficult>0</difficult>
    <bndbox>
      <xmin>114.38</xmin>
      <ymin>91.8</ymin>
      <xmax>144.7</xmax>
      <ymax>192.6</ymax>
    </bndbox>
    <attributes>
      <attribute>
        <name>rotation</name>
        <value>352.19999999999993</value>
      </attribute>
    </attributes>
  </object>
  <object>
    <name>8</name>
    <truncated>0</truncated>
    <occluded>0</occluded>
    <difficult>0</difficult>
    <bndbox>
      <xmin>62.04</xmin>
      <ymin>149.91</ymin>
      <xmax>95.29</xmax>
      <ymax>243.77</ymax>
    </bndbox>
    <attributes>
      <attribute>
        <name>rotation</name>
        <value>339.19999999999993</value>
      </attribute>
    </attributes>
  </object>
  <object>
    <name>6</name>
    <truncated>0</truncated>
    <occluded>0</occluded>
    <difficult>0</difficult>
    <bndbox>
      <xmin>29.39</xmin>
      <ymin>180.15</ymin>
      <xmax>68.34</xmax>
      <ymax>272.04</ymax>
    </bndbox>
    <attributes>
      <attribute>
        <name>rotation</name>
        <value>339.5</value>
      </attribute>
    </attributes>
  </object>
</annotation>
