<annotation>
  <folder>result</folder>
  <filename>result_foto11995.jpg_57.jpg</filename>
  <source>
    <database>Unknown</database>
    <annotation>Unknown</annotation>
    <image>Unknown</image>
  </source>
  <size>
    <width>204</width>
    <height>214</height>
    <depth></depth>
  </size>
  <segmented>0</segmented>
  <object>
    <name>4</name>
    <truncated>0</truncated>
    <occluded>0</occluded>
    <difficult>0</difficult>
    <bndbox>
      <xmin>130.6</xmin>
      <ymin>149.63</ymin>
      <xmax>171.56</xmax>
      <ymax>202.51</ymax>
    </bndbox>
    <attributes>
      <attribute>
        <name>rotation</name>
        <value>9.5</value>
      </attribute>
    </attributes>
  </object>
  <object>
    <name>2</name>
    <truncated>0</truncated>
    <occluded>0</occluded>
    <difficult>0</difficult>
    <bndbox>
      <xmin>83.86</xmin>
      <ymin>125.21</ymin>
      <xmax>124.02</xmax>
      <ymax>183.27</ymax>
    </bndbox>
    <attributes>
      <attribute>
        <name>rotation</name>
        <value>8.799999999999997</value>
      </attribute>
    </attributes>
  </object>
  <object>
    <name>6</name>
    <truncated>0</truncated>
    <occluded>0</occluded>
    <difficult>0</difficult>
    <bndbox>
      <xmin>8.0</xmin>
      <ymin>101.48</ymin>
      <xmax>44.72</xmax>
      <ymax>147.48</ymax>
    </bndbox>
    <attributes>
      <attribute>
        <name>rotation</name>
        <value>10.900000000000034</value>
      </attribute>
    </attributes>
  </object>
  <object>
    <name>8</name>
    <truncated>0</truncated>
    <occluded>0</occluded>
    <difficult>0</difficult>
    <bndbox>
      <xmin>46.45</xmin>
      <ymin>113.03</ymin>
      <xmax>83.15</xmax>
      <ymax>165.25</ymax>
    </bndbox>
    <attributes>
      <attribute>
        <name>rotation</name>
        <value>6.700000000000017</value>
      </attribute>
    </attributes>
  </object>
</annotation>
