<annotation>
  <folder>result</folder>
  <filename>result_foto14277.jpg_100.jpg</filename>
  <source>
    <database>Unknown</database>
    <annotation>Unknown</annotation>
    <image>Unknown</image>
  </source>
  <size>
    <width>235</width>
    <height>298</height>
    <depth></depth>
  </size>
  <segmented>0</segmented>
  <object>
    <name>1</name>
    <truncated>0</truncated>
    <occluded>0</occluded>
    <difficult>0</difficult>
    <bndbox>
      <xmin>119.13</xmin>
      <ymin>196.11</ymin>
      <xmax>155.56</xmax>
      <ymax>289.36</ymax>
    </bndbox>
    <attributes>
      <attribute>
        <name>rotation</name>
        <value>351.29999999999995</value>
      </attribute>
    </attributes>
  </object>
  <object>
    <name>2</name>
    <truncated>0</truncated>
    <occluded>0</occluded>
    <difficult>0</difficult>
    <bndbox>
      <xmin>158.02</xmin>
      <ymin>171.8</ymin>
      <xmax>204.17</xmax>
      <ymax>267.09</ymax>
    </bndbox>
    <attributes>
      <attribute>
        <name>rotation</name>
        <value>345.5</value>
      </attribute>
    </attributes>
  </object>
  <object>
    <name>8</name>
    <truncated>0</truncated>
    <occluded>0</occluded>
    <difficult>0</difficult>
    <bndbox>
      <xmin>64.9</xmin>
      <ymin>224.88</ymin>
      <xmax>113.35</xmax>
      <ymax>296.16</ymax>
    </bndbox>
    <attributes>
      <attribute>
        <name>rotation</name>
        <value>351.20000000000005</value>
      </attribute>
    </attributes>
  </object>
</annotation>
