<annotation>
  <folder>result</folder>
  <filename>result_foto7.jpg_6.jpg</filename>
  <source>
    <database>Unknown</database>
    <annotation>Unknown</annotation>
    <image>Unknown</image>
  </source>
  <size>
    <width>126</width>
    <height>121</height>
    <depth></depth>
  </size>
  <segmented>0</segmented>
  <object>
    <name>8</name>
    <truncated>0</truncated>
    <occluded>0</occluded>
    <difficult>0</difficult>
    <bndbox>
      <xmin>28.34</xmin>
      <ymin>48.69</ymin>
      <xmax>49.48</xmax>
      <ymax>98.94</ymax>
    </bndbox>
    <attributes>
      <attribute>
        <name>rotation</name>
        <value>16.69999999999999</value>
      </attribute>
    </attributes>
  </object>
  <object>
    <name>2</name>
    <truncated>0</truncated>
    <occluded>0</occluded>
    <difficult>0</difficult>
    <bndbox>
      <xmin>88.25</xmin>
      <ymin>97.21</ymin>
      <xmax>99.84</xmax>
      <ymax>116.73</ymax>
    </bndbox>
    <attributes>
      <attribute>
        <name>rotation</name>
        <value>19.500000000000014</value>
      </attribute>
    </attributes>
  </object>
  <object>
    <name>6</name>
    <truncated>0</truncated>
    <occluded>0</occluded>
    <difficult>0</difficult>
    <bndbox>
      <xmin>6.83</xmin>
      <ymin>42.34</ymin>
      <xmax>27.009999999999998</xmax>
      <ymax>91.93</ymax>
    </bndbox>
    <attributes>
      <attribute>
        <name>rotation</name>
        <value>18.900000000000006</value>
      </attribute>
    </attributes>
  </object>
  <object>
    <name>6</name>
    <truncated>0</truncated>
    <occluded>0</occluded>
    <difficult>0</difficult>
    <bndbox>
      <xmin>73.42</xmin>
      <ymin>62.98</ymin>
      <xmax>93.59</xmax>
      <ymax>112.57</ymax>
    </bndbox>
    <attributes>
      <attribute>
        <name>rotation</name>
        <value>18.900000000000006</value>
      </attribute>
    </attributes>
  </object>
  <object>
    <name>0</name>
    <truncated>0</truncated>
    <occluded>0</occluded>
    <difficult>0</difficult>
    <bndbox>
      <xmin>51.03</xmin>
      <ymin>55.95</ymin>
      <xmax>70.29</xmax>
      <ymax>105.15</ymax>
    </bndbox>
    <attributes>
      <attribute>
        <name>rotation</name>
        <value>16.799999999999997</value>
      </attribute>
    </attributes>
  </object>
</annotation>
