<annotation>
  <folder>result</folder>
  <filename>result_foto16142.jpg_25.jpg</filename>
  <source>
    <database>Unknown</database>
    <annotation>Unknown</annotation>
    <image>Unknown</image>
  </source>
  <size>
    <width>250</width>
    <height>256</height>
    <depth></depth>
  </size>
  <segmented>0</segmented>
  <object>
    <name>2</name>
    <truncated>0</truncated>
    <occluded>0</occluded>
    <difficult>0</difficult>
    <bndbox>
      <xmin>118.67</xmin>
      <ymin>168.61</ymin>
      <xmax>160.78</xmax>
      <ymax>252.23</ymax>
    </bndbox>
    <attributes>
      <attribute>
        <name>rotation</name>
        <value>14.499999999999986</value>
      </attribute>
    </attributes>
  </object>
  <object>
    <name>7</name>
    <truncated>0</truncated>
    <occluded>0</occluded>
    <difficult>0</difficult>
    <bndbox>
      <xmin>163.44</xmin>
      <ymin>165.91</ymin>
      <xmax>214.37</xmax>
      <ymax>249.03</ymax>
    </bndbox>
    <attributes>
      <attribute>
        <name>rotation</name>
        <value>12.200000000000017</value>
      </attribute>
    </attributes>
  </object>
  <object>
    <name>8</name>
    <truncated>0</truncated>
    <occluded>0</occluded>
    <difficult>0</difficult>
    <bndbox>
      <xmin>70.21</xmin>
      <ymin>168.46</ymin>
      <xmax>112.06</xmax>
      <ymax>248.29</ymax>
    </bndbox>
    <attributes>
      <attribute>
        <name>rotation</name>
        <value>12.799999999999997</value>
      </attribute>
    </attributes>
  </object>
  <object>
    <name>6</name>
    <truncated>0</truncated>
    <occluded>0</occluded>
    <difficult>0</difficult>
    <bndbox>
      <xmin>16.58</xmin>
      <ymin>162.24</ymin>
      <xmax>65.21</xmax>
      <ymax>250.6</ymax>
    </bndbox>
    <attributes>
      <attribute>
        <name>rotation</name>
        <value>13.299999999999997</value>
      </attribute>
    </attributes>
  </object>
</annotation>
