<annotation>
  <folder>result</folder>
  <filename>result_foto14112.jpg_30.jpg</filename>
  <source>
    <database>Unknown</database>
    <annotation>Unknown</annotation>
    <image>Unknown</image>
  </source>
  <size>
    <width>178</width>
    <height>237</height>
    <depth></depth>
  </size>
  <segmented>0</segmented>
  <object>
    <name>8</name>
    <truncated>0</truncated>
    <occluded>0</occluded>
    <difficult>0</difficult>
    <bndbox>
      <xmin>35.94</xmin>
      <ymin>121.36</ymin>
      <xmax>70.09</xmax>
      <ymax>185.25</ymax>
    </bndbox>
    <attributes>
      <attribute>
        <name>rotation</name>
        <value>14.099999999999994</value>
      </attribute>
    </attributes>
  </object>
  <object>
    <name>6</name>
    <truncated>0</truncated>
    <occluded>0</occluded>
    <difficult>0</difficult>
    <bndbox>
      <xmin>1.83</xmin>
      <ymin>104.12</ymin>
      <xmax>32.11</xmax>
      <ymax>168.04</ymax>
    </bndbox>
    <attributes>
      <attribute>
        <name>rotation</name>
        <value>15.299999999999997</value>
      </attribute>
    </attributes>
  </object>
  <object>
    <name>1</name>
    <truncated>0</truncated>
    <occluded>0</occluded>
    <difficult>0</difficult>
    <bndbox>
      <xmin>78.28</xmin>
      <ymin>141.94</ymin>
      <xmax>98.7</xmax>
      <ymax>208.71</ymax>
    </bndbox>
    <attributes>
      <attribute>
        <name>rotation</name>
        <value>9.599999999999994</value>
      </attribute>
    </attributes>
  </object>
  <object>
    <name>2</name>
    <truncated>0</truncated>
    <occluded>0</occluded>
    <difficult>0</difficult>
    <bndbox>
      <xmin>105.96</xmin>
      <ymin>149.66</ymin>
      <xmax>141.07</xmax>
      <ymax>219.74</ymax>
    </bndbox>
    <attributes>
      <attribute>
        <name>rotation</name>
        <value>17.5</value>
      </attribute>
    </attributes>
  </object>
</annotation>
