<annotation>
  <folder>result</folder>
  <filename>result_foto6804.jpg_59.jpg</filename>
  <source>
    <database>Unknown</database>
    <annotation>Unknown</annotation>
    <image>Unknown</image>
  </source>
  <size>
    <width>281</width>
    <height>288</height>
    <depth></depth>
  </size>
  <segmented>0</segmented>
  <object>
    <name>8</name>
    <truncated>0</truncated>
    <occluded>0</occluded>
    <difficult>0</difficult>
    <bndbox>
      <xmin>65.55</xmin>
      <ymin>170.0</ymin>
      <xmax>116.64</xmax>
      <ymax>254.85</ymax>
    </bndbox>
    <attributes>
      <attribute>
        <name>rotation</name>
        <value>11.400000000000006</value>
      </attribute>
    </attributes>
  </object>
  <object>
    <name>2</name>
    <truncated>0</truncated>
    <occluded>0</occluded>
    <difficult>0</difficult>
    <bndbox>
      <xmin>121.29</xmin>
      <ymin>181.15</ymin>
      <xmax>166.5</xmax>
      <ymax>269.1</ymax>
    </bndbox>
    <attributes>
      <attribute>
        <name>rotation</name>
        <value>10.5</value>
      </attribute>
    </attributes>
  </object>
  <object>
    <name>4</name>
    <truncated>0</truncated>
    <occluded>0</occluded>
    <difficult>0</difficult>
    <bndbox>
      <xmin>177.35</xmin>
      <ymin>192.87</ymin>
      <xmax>222.95</xmax>
      <ymax>279.58</ymax>
    </bndbox>
    <attributes>
      <attribute>
        <name>rotation</name>
        <value>12.700000000000017</value>
      </attribute>
    </attributes>
  </object>
  <object>
    <name>0</name>
    <truncated>0</truncated>
    <occluded>0</occluded>
    <difficult>0</difficult>
    <bndbox>
      <xmin>220.7</xmin>
      <ymin>248.35</ymin>
      <xmax>248.57</xmax>
      <ymax>283.03</ymax>
    </bndbox>
    <attributes>
      <attribute>
        <name>rotation</name>
        <value>11.099999999999994</value>
      </attribute>
    </attributes>
  </object>
  <object>
    <name>6</name>
    <truncated>0</truncated>
    <occluded>0</occluded>
    <difficult>0</difficult>
    <bndbox>
      <xmin>16.62</xmin>
      <ymin>163.19</ymin>
      <xmax>60.59</xmax>
      <ymax>244.63</ymax>
    </bndbox>
    <attributes>
      <attribute>
        <name>rotation</name>
        <value>11.5</value>
      </attribute>
    </attributes>
  </object>
</annotation>
