<annotation>
  <folder>result</folder>
  <filename>result_foto14009.jpg_85.jpg</filename>
  <source>
    <database>Unknown</database>
    <annotation>Unknown</annotation>
    <image>Unknown</image>
  </source>
  <size>
    <width>175</width>
    <height>116</height>
    <depth></depth>
  </size>
  <segmented>0</segmented>
  <object>
    <name>8</name>
    <truncated>0</truncated>
    <occluded>0</occluded>
    <difficult>0</difficult>
    <bndbox>
      <xmin>52.36</xmin>
      <ymin>40.67</ymin>
      <xmax>81.91</xmax>
      <ymax>92.9</ymax>
    </bndbox>
    <attributes>
      <attribute>
        <name>rotation</name>
        <value>333.2</value>
      </attribute>
    </attributes>
  </object>
  <object>
    <name>1</name>
    <truncated>0</truncated>
    <occluded>0</occluded>
    <difficult>0</difficult>
    <bndbox>
      <xmin>86.14</xmin>
      <ymin>29.85</ymin>
      <xmax>106.84</xmax>
      <ymax>79.88</ymax>
    </bndbox>
    <attributes>
      <attribute>
        <name>rotation</name>
        <value>331.3</value>
      </attribute>
    </attributes>
  </object>
  <object>
    <name>2</name>
    <truncated>0</truncated>
    <occluded>0</occluded>
    <difficult>0</difficult>
    <bndbox>
      <xmin>111.06</xmin>
      <ymin>15.77</ymin>
      <xmax>142.92</xmax>
      <ymax>66.12</ymax>
    </bndbox>
    <attributes>
      <attribute>
        <name>rotation</name>
        <value>332.3</value>
      </attribute>
    </attributes>
  </object>
  <object>
    <name>6</name>
    <truncated>0</truncated>
    <occluded>0</occluded>
    <difficult>0</difficult>
    <bndbox>
      <xmin>23.7</xmin>
      <ymin>57.03</ymin>
      <xmax>50.18</xmax>
      <ymax>105.5</ymax>
    </bndbox>
    <attributes>
      <attribute>
        <name>rotation</name>
        <value>330.5</value>
      </attribute>
    </attributes>
  </object>
</annotation>
