<annotation>
  <folder>result</folder>
  <filename>result_foto6819.jpg_51.jpg</filename>
  <source>
    <database>Unknown</database>
    <annotation>Unknown</annotation>
    <image>Unknown</image>
  </source>
  <size>
    <width>140</width>
    <height>235</height>
    <depth></depth>
  </size>
  <segmented>0</segmented>
  <object>
    <name>2</name>
    <truncated>0</truncated>
    <occluded>0</occluded>
    <difficult>0</difficult>
    <bndbox>
      <xmin>74.3</xmin>
      <ymin>93.26</ymin>
      <xmax>106.68</xmax>
      <ymax>165.18</ymax>
    </bndbox>
    <attributes>
      <attribute>
        <name>rotation</name>
        <value>316.1</value>
      </attribute>
    </attributes>
  </object>
  <object>
    <name>4</name>
    <truncated>0</truncated>
    <occluded>0</occluded>
    <difficult>0</difficult>
    <bndbox>
      <xmin>90.6</xmin>
      <ymin>67.61</ymin>
      <xmax>119.15</xmax>
      <ymax>131.97</ymax>
    </bndbox>
    <attributes>
      <attribute>
        <name>rotation</name>
        <value>323.7</value>
      </attribute>
    </attributes>
  </object>
  <object>
    <name>8</name>
    <truncated>0</truncated>
    <occluded>0</occluded>
    <difficult>0</difficult>
    <bndbox>
      <xmin>58.1</xmin>
      <ymin>128.92</ymin>
      <xmax>89.16</xmax>
      <ymax>193.51</ymax>
    </bndbox>
    <attributes>
      <attribute>
        <name>rotation</name>
        <value>323.5</value>
      </attribute>
    </attributes>
  </object>
  <object>
    <name>6</name>
    <truncated>0</truncated>
    <occluded>0</occluded>
    <difficult>0</difficult>
    <bndbox>
      <xmin>38.23</xmin>
      <ymin>158.17</ymin>
      <xmax>73.03</xmax>
      <ymax>227.31</ymax>
    </bndbox>
    <attributes>
      <attribute>
        <name>rotation</name>
        <value>322.2</value>
      </attribute>
    </attributes>
  </object>
</annotation>
