<annotation>
  <folder>result</folder>
  <filename>result_foto6821.jpg_48.jpg</filename>
  <source>
    <database>Unknown</database>
    <annotation>Unknown</annotation>
    <image>Unknown</image>
  </source>
  <size>
    <width>185</width>
    <height>217</height>
    <depth></depth>
  </size>
  <segmented>0</segmented>
  <object>
    <name>4</name>
    <truncated>0</truncated>
    <occluded>0</occluded>
    <difficult>0</difficult>
    <bndbox>
      <xmin>134.8</xmin>
      <ymin>75.4</ymin>
      <xmax>153.11</xmax>
      <ymax>145.96</ymax>
    </bndbox>
    <attributes>
      <attribute>
        <name>rotation</name>
        <value>319.4</value>
      </attribute>
    </attributes>
  </object>
  <object>
    <name>8</name>
    <truncated>0</truncated>
    <occluded>0</occluded>
    <difficult>0</difficult>
    <bndbox>
      <xmin>101.45</xmin>
      <ymin>116.32</ymin>
      <xmax>125.13</xmax>
      <ymax>190.58</ymax>
    </bndbox>
    <attributes>
      <attribute>
        <name>rotation</name>
        <value>318.29999999999995</value>
      </attribute>
    </attributes>
  </object>
  <object>
    <name>6</name>
    <truncated>0</truncated>
    <occluded>0</occluded>
    <difficult>0</difficult>
    <bndbox>
      <xmin>79.4</xmin>
      <ymin>138.13</ymin>
      <xmax>108.44</xmax>
      <ymax>212.43</ymax>
    </bndbox>
    <attributes>
      <attribute>
        <name>rotation</name>
        <value>318.1</value>
      </attribute>
    </attributes>
  </object>
  <object>
    <name>2</name>
    <truncated>0</truncated>
    <occluded>0</occluded>
    <difficult>0</difficult>
    <bndbox>
      <xmin>119.67</xmin>
      <ymin>95.99</ymin>
      <xmax>143.81</xmax>
      <ymax>167.2</ymax>
    </bndbox>
    <attributes>
      <attribute>
        <name>rotation</name>
        <value>319.8999999999999</value>
      </attribute>
    </attributes>
  </object>
</annotation>
