<annotation>
  <folder>result</folder>
  <filename>result_foto11679.jpg_82.jpg</filename>
  <source>
    <database>Unknown</database>
    <annotation>Unknown</annotation>
    <image>Unknown</image>
  </source>
  <size>
    <width>297</width>
    <height>290</height>
    <depth></depth>
  </size>
  <segmented>0</segmented>
  <object>
    <name>6</name>
    <truncated>0</truncated>
    <occluded>0</occluded>
    <difficult>0</difficult>
    <bndbox>
      <xmin>5.84</xmin>
      <ymin>136.01</ymin>
      <xmax>48.64</xmax>
      <ymax>208.61</ymax>
    </bndbox>
    <attributes>
      <attribute>
        <name>rotation</name>
        <value>19.700000000000003</value>
      </attribute>
    </attributes>
  </object>
  <object>
    <name>8</name>
    <truncated>0</truncated>
    <occluded>0</occluded>
    <difficult>0</difficult>
    <bndbox>
      <xmin>58.87</xmin>
      <ymin>149.21</ymin>
      <xmax>112.5</xmax>
      <ymax>233.03</ymax>
    </bndbox>
    <attributes>
      <attribute>
        <name>rotation</name>
        <value>20.799999999999997</value>
      </attribute>
    </attributes>
  </object>
  <object>
    <name>2</name>
    <truncated>0</truncated>
    <occluded>0</occluded>
    <difficult>0</difficult>
    <bndbox>
      <xmin>113.69</xmin>
      <ymin>165.41</ymin>
      <xmax>171.32</xmax>
      <ymax>259.7</ymax>
    </bndbox>
    <attributes>
      <attribute>
        <name>rotation</name>
        <value>20.099999999999994</value>
      </attribute>
    </attributes>
  </object>
  <object>
    <name>4</name>
    <truncated>0</truncated>
    <occluded>0</occluded>
    <difficult>0</difficult>
    <bndbox>
      <xmin>177.19</xmin>
      <ymin>193.43</ymin>
      <xmax>226.74</xmax>
      <ymax>280.24</ymax>
    </bndbox>
    <attributes>
      <attribute>
        <name>rotation</name>
        <value>19.0</value>
      </attribute>
    </attributes>
  </object>
</annotation>
