<annotation>
  <folder>result</folder>
  <filename>result_foto485.jpg_44.jpg</filename>
  <source>
    <database>Unknown</database>
    <annotation>Unknown</annotation>
    <image>Unknown</image>
  </source>
  <size>
    <width>105</width>
    <height>132</height>
    <depth></depth>
  </size>
  <segmented>0</segmented>
  <object>
    <name>2</name>
    <truncated>0</truncated>
    <occluded>0</occluded>
    <difficult>0</difficult>
    <bndbox>
      <xmin>21.14</xmin>
      <ymin>64.57</ymin>
      <xmax>50.47</xmax>
      <ymax>110.51</ymax>
    </bndbox>
    <attributes>
      <attribute>
        <name>rotation</name>
        <value>19.90000000000002</value>
      </attribute>
    </attributes>
  </object>
  <object>
    <name>0</name>
    <truncated>0</truncated>
    <occluded>0</occluded>
    <difficult>0</difficult>
    <bndbox>
      <xmin>50.51</xmin>
      <ymin>74.09</ymin>
      <xmax>77.48</xmax>
      <ymax>119.51</ymax>
    </bndbox>
    <attributes>
      <attribute>
        <name>rotation</name>
        <value>9.100000000000009</value>
      </attribute>
    </attributes>
  </object>
  <object>
    <name>4</name>
    <truncated>0</truncated>
    <occluded>0</occluded>
    <difficult>0</difficult>
    <bndbox>
      <xmin>75.78</xmin>
      <ymin>111.14</ymin>
      <xmax>90.54</xmax>
      <ymax>128.45</ymax>
    </bndbox>
    <attributes>
      <attribute>
        <name>rotation</name>
        <value>22.799999999999997</value>
      </attribute>
    </attributes>
  </object>
</annotation>
