<annotation>
  <folder>result</folder>
  <filename>result_foto486.jpg_36.jpg</filename>
  <source>
    <database>Unknown</database>
    <annotation>Unknown</annotation>
    <image>Unknown</image>
  </source>
  <size>
    <width>102</width>
    <height>110</height>
    <depth></depth>
  </size>
  <segmented>0</segmented>
  <object>
    <name>4</name>
    <truncated>0</truncated>
    <occluded>0</occluded>
    <difficult>0</difficult>
    <bndbox>
      <xmin>74.89</xmin>
      <ymin>91.9</ymin>
      <xmax>90.27</xmax>
      <ymax>108.94</ymax>
    </bndbox>
    <attributes>
      <attribute>
        <name>rotation</name>
        <value>0.0</value>
      </attribute>
    </attributes>
  </object>
  <object>
    <name>0</name>
    <truncated>0</truncated>
    <occluded>0</occluded>
    <difficult>0</difficult>
    <bndbox>
      <xmin>47.33</xmin>
      <ymin>61.62</ymin>
      <xmax>75.01</xmax>
      <ymax>105.51</ymax>
    </bndbox>
    <attributes>
      <attribute>
        <name>rotation</name>
        <value>8.700000000000003</value>
      </attribute>
    </attributes>
  </object>
  <object>
    <name>2</name>
    <truncated>0</truncated>
    <occluded>0</occluded>
    <difficult>0</difficult>
    <bndbox>
      <xmin>17.62</xmin>
      <ymin>56.34</ymin>
      <xmax>43.8</xmax>
      <ymax>101.4</ymax>
    </bndbox>
    <attributes>
      <attribute>
        <name>rotation</name>
        <value>11.40000000000002</value>
      </attribute>
    </attributes>
  </object>
</annotation>
