<annotation>
  <folder>result</folder>
  <filename>result_foto14011.jpg_20.jpg</filename>
  <source>
    <database>Unknown</database>
    <annotation>Unknown</annotation>
    <image>Unknown</image>
  </source>
  <size>
    <width>169</width>
    <height>161</height>
    <depth></depth>
  </size>
  <segmented>0</segmented>
  <object>
    <name>8</name>
    <truncated>0</truncated>
    <occluded>0</occluded>
    <difficult>0</difficult>
    <bndbox>
      <xmin>46.71</xmin>
      <ymin>96.76</ymin>
      <xmax>79.4</xmax>
      <ymax>143.8</ymax>
    </bndbox>
    <attributes>
      <attribute>
        <name>rotation</name>
        <value>338.0</value>
      </attribute>
    </attributes>
  </object>
  <object>
    <name>2</name>
    <truncated>0</truncated>
    <occluded>0</occluded>
    <difficult>0</difficult>
    <bndbox>
      <xmin>107.93</xmin>
      <ymin>76.72</ymin>
      <xmax>141.08</xmax>
      <ymax>120.03</ymax>
    </bndbox>
    <attributes>
      <attribute>
        <name>rotation</name>
        <value>342.8999999999999</value>
      </attribute>
    </attributes>
  </object>
  <object>
    <name>5</name>
    <truncated>0</truncated>
    <occluded>0</occluded>
    <difficult>0</difficult>
    <bndbox>
      <xmin>145.15</xmin>
      <ymin>93.33</ymin>
      <xmax>160.02</xmax>
      <ymax>112.63</ymax>
    </bndbox>
    <attributes>
      <attribute>
        <name>rotation</name>
        <value>340.8</value>
      </attribute>
    </attributes>
  </object>
  <object>
    <name>6</name>
    <truncated>0</truncated>
    <occluded>0</occluded>
    <difficult>0</difficult>
    <bndbox>
      <xmin>14.31</xmin>
      <ymin>110.51</ymin>
      <xmax>46.61</xmax>
      <ymax>155.22</ymax>
    </bndbox>
    <attributes>
      <attribute>
        <name>rotation</name>
        <value>339.2</value>
      </attribute>
    </attributes>
  </object>
  <object>
    <name>1</name>
    <truncated>0</truncated>
    <occluded>0</occluded>
    <difficult>0</difficult>
    <bndbox>
      <xmin>82.43</xmin>
      <ymin>86.26</ymin>
      <xmax>107.54</xmax>
      <ymax>130.37</ymax>
    </bndbox>
    <attributes>
      <attribute>
        <name>rotation</name>
        <value>342.6</value>
      </attribute>
    </attributes>
  </object>
</annotation>
