<annotation>
  <folder>result</folder>
  <filename>result_foto13996.jpg_240.jpg</filename>
  <source>
    <database>Unknown</database>
    <annotation>Unknown</annotation>
    <image>Unknown</image>
  </source>
  <size>
    <width>149</width>
    <height>274</height>
    <depth></depth>
  </size>
  <segmented>0</segmented>
  <object>
    <name>2</name>
    <truncated>0</truncated>
    <occluded>0</occluded>
    <difficult>0</difficult>
    <bndbox>
      <xmin>78.16</xmin>
      <ymin>175.04</ymin>
      <xmax>114.81</xmax>
      <ymax>247.55</ymax>
    </bndbox>
    <attributes>
      <attribute>
        <name>rotation</name>
        <value>21.900000000000006</value>
      </attribute>
    </attributes>
  </object>
  <object>
    <name>1</name>
    <truncated>0</truncated>
    <occluded>0</occluded>
    <difficult>0</difficult>
    <bndbox>
      <xmin>58.09</xmin>
      <ymin>155.63</ymin>
      <xmax>79.91</xmax>
      <ymax>226.21</ymax>
    </bndbox>
    <attributes>
      <attribute>
        <name>rotation</name>
        <value>8.300000000000011</value>
      </attribute>
    </attributes>
  </object>
  <object>
    <name>8</name>
    <truncated>0</truncated>
    <occluded>0</occluded>
    <difficult>0</difficult>
    <bndbox>
      <xmin>26.57</xmin>
      <ymin>131.06</ymin>
      <xmax>56.54</xmax>
      <ymax>203.61</ymax>
    </bndbox>
    <attributes>
      <attribute>
        <name>rotation</name>
        <value>11.200000000000031</value>
      </attribute>
    </attributes>
  </object>
  <object>
    <name>6</name>
    <truncated>0</truncated>
    <occluded>0</occluded>
    <difficult>0</difficult>
    <bndbox>
      <xmin>1.23</xmin>
      <ymin>114.9</ymin>
      <xmax>25.98</xmax>
      <ymax>182.08</ymax>
    </bndbox>
    <attributes>
      <attribute>
        <name>rotation</name>
        <value>4.90000000000002</value>
      </attribute>
    </attributes>
  </object>
</annotation>
