<annotation>
  <folder>result</folder>
  <filename>result_foto11904.jpg_39.jpg</filename>
  <source>
    <database>Unknown</database>
    <annotation>Unknown</annotation>
    <image>Unknown</image>
  </source>
  <size>
    <width>105</width>
    <height>100</height>
    <depth></depth>
  </size>
  <segmented>0</segmented>
  <object>
    <name>4</name>
    <truncated>0</truncated>
    <occluded>0</occluded>
    <difficult>0</difficult>
    <bndbox>
      <xmin>55.81</xmin>
      <ymin>42.13</ymin>
      <xmax>103.16</xmax>
      <ymax>100.0</ymax>
    </bndbox>
    <attributes>
      <attribute>
        <name>rotation</name>
        <value>0.0</value>
      </attribute>
    </attributes>
  </object>
  <object>
    <name>2</name>
    <truncated>0</truncated>
    <occluded>0</occluded>
    <difficult>0</difficult>
    <bndbox>
      <xmin>5.44</xmin>
      <ymin>40.72</ymin>
      <xmax>51.13</xmax>
      <ymax>98.77</ymax>
    </bndbox>
    <attributes>
      <attribute>
        <name>rotation</name>
        <value>0.0</value>
      </attribute>
    </attributes>
  </object>
</annotation>
