<annotation>
  <folder>result</folder>
  <filename>result_foto26.jpg_9.jpg</filename>
  <source>
    <database>Unknown</database>
    <annotation>Unknown</annotation>
    <image>Unknown</image>
  </source>
  <size>
    <width>124</width>
    <height>105</height>
    <depth></depth>
  </size>
  <segmented>0</segmented>
  <object>
    <name>8</name>
    <truncated>0</truncated>
    <occluded>0</occluded>
    <difficult>0</difficult>
    <bndbox>
      <xmin>29.72</xmin>
      <ymin>45.46</ymin>
      <xmax>52.14</xmax>
      <ymax>94.26</ymax>
    </bndbox>
    <attributes>
      <attribute>
        <name>rotation</name>
        <value>7.700000000000003</value>
      </attribute>
    </attributes>
  </object>
  <object>
    <name>6</name>
    <truncated>0</truncated>
    <occluded>0</occluded>
    <difficult>0</difficult>
    <bndbox>
      <xmin>6.29</xmin>
      <ymin>42.51</ymin>
      <xmax>28.92</xmax>
      <ymax>91.13</ymax>
    </bndbox>
    <attributes>
      <attribute>
        <name>rotation</name>
        <value>8.500000000000014</value>
      </attribute>
    </attributes>
  </object>
  <object>
    <name>6</name>
    <truncated>0</truncated>
    <occluded>0</occluded>
    <difficult>0</difficult>
    <bndbox>
      <xmin>77.08</xmin>
      <ymin>51.38</ymin>
      <xmax>99.7</xmax>
      <ymax>100.0</ymax>
    </bndbox>
    <attributes>
      <attribute>
        <name>rotation</name>
        <value>8.500000000000014</value>
      </attribute>
    </attributes>
  </object>
  <object>
    <name>0</name>
    <truncated>0</truncated>
    <occluded>0</occluded>
    <difficult>0</difficult>
    <bndbox>
      <xmin>53.68</xmin>
      <ymin>47.89</ymin>
      <xmax>76.22</xmax>
      <ymax>96.57</ymax>
    </bndbox>
    <attributes>
      <attribute>
        <name>rotation</name>
        <value>8.400000000000006</value>
      </attribute>
    </attributes>
  </object>
</annotation>
