<annotation>
  <folder>result</folder>
  <filename>result_foto14011.jpg_123.jpg</filename>
  <source>
    <database>Unknown</database>
    <annotation>Unknown</annotation>
    <image>Unknown</image>
  </source>
  <size>
    <width>113</width>
    <height>157</height>
    <depth></depth>
  </size>
  <segmented>0</segmented>
  <object>
    <name>1</name>
    <truncated>0</truncated>
    <occluded>0</occluded>
    <difficult>0</difficult>
    <bndbox>
      <xmin>57.17</xmin>
      <ymin>78.83</ymin>
      <xmax>73.04</xmax>
      <ymax>115.47</ymax>
    </bndbox>
    <attributes>
      <attribute>
        <name>rotation</name>
        <value>355.6</value>
      </attribute>
    </attributes>
  </object>
  <object>
    <name>6</name>
    <truncated>0</truncated>
    <occluded>0</occluded>
    <difficult>0</difficult>
    <bndbox>
      <xmin>6.02</xmin>
      <ymin>106.52</ymin>
      <xmax>26.79</xmax>
      <ymax>149.4</ymax>
    </bndbox>
    <attributes>
      <attribute>
        <name>rotation</name>
        <value>0.0</value>
      </attribute>
    </attributes>
  </object>
  <object>
    <name>8</name>
    <truncated>0</truncated>
    <occluded>0</occluded>
    <difficult>0</difficult>
    <bndbox>
      <xmin>25.97</xmin>
      <ymin>96.63</ymin>
      <xmax>54.13</xmax>
      <ymax>133.19</ymax>
    </bndbox>
    <attributes>
      <attribute>
        <name>rotation</name>
        <value>349.99999999999994</value>
      </attribute>
    </attributes>
  </object>
  <object>
    <name>2</name>
    <truncated>0</truncated>
    <occluded>0</occluded>
    <difficult>0</difficult>
    <bndbox>
      <xmin>74.39</xmin>
      <ymin>64.04</ymin>
      <xmax>96.7</xmax>
      <ymax>103.52</ymax>
    </bndbox>
    <attributes>
      <attribute>
        <name>rotation</name>
        <value>353.3</value>
      </attribute>
    </attributes>
  </object>
</annotation>
