<annotation>
  <folder>result</folder>
  <filename>result_foto14124.jpg_138.jpg</filename>
  <source>
    <database>Unknown</database>
    <annotation>Unknown</annotation>
    <image>Unknown</image>
  </source>
  <size>
    <width>145</width>
    <height>268</height>
    <depth></depth>
  </size>
  <segmented>0</segmented>
  <object>
    <name>8</name>
    <truncated>0</truncated>
    <occluded>0</occluded>
    <difficult>0</difficult>
    <bndbox>
      <xmin>28.69</xmin>
      <ymin>129.09</ymin>
      <xmax>55.2</xmax>
      <ymax>202.28</ymax>
    </bndbox>
    <attributes>
      <attribute>
        <name>rotation</name>
        <value>0.0</value>
      </attribute>
    </attributes>
  </object>
  <object>
    <name>6</name>
    <truncated>0</truncated>
    <occluded>0</occluded>
    <difficult>0</difficult>
    <bndbox>
      <xmin>2.47</xmin>
      <ymin>112.95</ymin>
      <xmax>26.96</xmax>
      <ymax>178.37</ymax>
    </bndbox>
    <attributes>
      <attribute>
        <name>rotation</name>
        <value>0.0</value>
      </attribute>
    </attributes>
  </object>
  <object>
    <name>1</name>
    <truncated>0</truncated>
    <occluded>0</occluded>
    <difficult>0</difficult>
    <bndbox>
      <xmin>59.24</xmin>
      <ymin>155.31</ymin>
      <xmax>80.85</xmax>
      <ymax>226.78</ymax>
    </bndbox>
    <attributes>
      <attribute>
        <name>rotation</name>
        <value>0.0</value>
      </attribute>
    </attributes>
  </object>
  <object>
    <name>2</name>
    <truncated>0</truncated>
    <occluded>0</occluded>
    <difficult>0</difficult>
    <bndbox>
      <xmin>78.32</xmin>
      <ymin>174.97</ymin>
      <xmax>114.81</xmax>
      <ymax>245.91</ymax>
    </bndbox>
    <attributes>
      <attribute>
        <name>rotation</name>
        <value>16.799999999999983</value>
      </attribute>
    </attributes>
  </object>
  <object>
    <name>5</name>
    <truncated>0</truncated>
    <occluded>0</occluded>
    <difficult>0</difficult>
    <bndbox>
      <xmin>107.94</xmin>
      <ymin>231.39</ymin>
      <xmax>127.24</xmax>
      <ymax>260.21</ymax>
    </bndbox>
    <attributes>
      <attribute>
        <name>rotation</name>
        <value>17.200000000000003</value>
      </attribute>
    </attributes>
  </object>
</annotation>
