<annotation>
  <folder>result</folder>
  <filename>result_foto5250.jpg_7.jpg</filename>
  <source>
    <database>Unknown</database>
    <annotation>Unknown</annotation>
    <image>Unknown</image>
  </source>
  <size>
    <width>126</width>
    <height>97</height>
    <depth></depth>
  </size>
  <segmented>0</segmented>
  <object>
    <name>0</name>
    <truncated>0</truncated>
    <occluded>0</occluded>
    <difficult>0</difficult>
    <bndbox>
      <xmin>45.69</xmin>
      <ymin>34.57</ymin>
      <xmax>74.59</xmax>
      <ymax>84.3</ymax>
    </bndbox>
    <attributes>
      <attribute>
        <name>rotation</name>
        <value>7.1000000000000085</value>
      </attribute>
    </attributes>
  </object>
  <object>
    <name>6</name>
    <truncated>0</truncated>
    <occluded>0</occluded>
    <difficult>0</difficult>
    <bndbox>
      <xmin>16.79</xmin>
      <ymin>32.23</ymin>
      <xmax>45.04</xmax>
      <ymax>80.91</ymax>
    </bndbox>
    <attributes>
      <attribute>
        <name>rotation</name>
        <value>6.800000000000011</value>
      </attribute>
    </attributes>
  </object>
  <object>
    <name>3</name>
    <truncated>0</truncated>
    <occluded>0</occluded>
    <difficult>0</difficult>
    <bndbox>
      <xmin>99.45</xmin>
      <ymin>71.67</ymin>
      <xmax>113.12</xmax>
      <ymax>93.54</ymax>
    </bndbox>
    <attributes>
      <attribute>
        <name>rotation</name>
        <value>0.0</value>
      </attribute>
    </attributes>
  </object>
  <object>
    <name>7</name>
    <truncated>0</truncated>
    <occluded>0</occluded>
    <difficult>0</difficult>
    <bndbox>
      <xmin>72.5</xmin>
      <ymin>39.65</ymin>
      <xmax>99.58</xmax>
      <ymax>91.33</ymax>
    </bndbox>
    <attributes>
      <attribute>
        <name>rotation</name>
        <value>13.300000000000011</value>
      </attribute>
    </attributes>
  </object>
</annotation>
