<annotation>
  <folder>result</folder>
  <filename>result_foto477.jpg_36.jpg</filename>
  <source>
    <database>Unknown</database>
    <annotation>Unknown</annotation>
    <image>Unknown</image>
  </source>
  <size>
    <width>186</width>
    <height>206</height>
    <depth></depth>
  </size>
  <segmented>0</segmented>
  <object>
    <name>0</name>
    <truncated>0</truncated>
    <occluded>0</occluded>
    <difficult>0</difficult>
    <bndbox>
      <xmin>115.37</xmin>
      <ymin>117.63</ymin>
      <xmax>149.26</xmax>
      <ymax>187.62</ymax>
    </bndbox>
    <attributes>
      <attribute>
        <name>rotation</name>
        <value>5.099999999999994</value>
      </attribute>
    </attributes>
  </object>
  <object>
    <name>6</name>
    <truncated>0</truncated>
    <occluded>0</occluded>
    <difficult>0</difficult>
    <bndbox>
      <xmin>3.14</xmin>
      <ymin>82.73</ymin>
      <xmax>39.94</xmax>
      <ymax>157.82</ymax>
    </bndbox>
    <attributes>
      <attribute>
        <name>rotation</name>
        <value>13.100000000000009</value>
      </attribute>
    </attributes>
  </object>
  <object>
    <name>7</name>
    <truncated>0</truncated>
    <occluded>0</occluded>
    <difficult>0</difficult>
    <bndbox>
      <xmin>36.29</xmin>
      <ymin>91.71</ymin>
      <xmax>69.29</xmax>
      <ymax>167.02</ymax>
    </bndbox>
    <attributes>
      <attribute>
        <name>rotation</name>
        <value>15.099999999999994</value>
      </attribute>
    </attributes>
  </object>
  <object>
    <name>2</name>
    <truncated>0</truncated>
    <occluded>0</occluded>
    <difficult>0</difficult>
    <bndbox>
      <xmin>73.12</xmin>
      <ymin>105.97</ymin>
      <xmax>113.85</xmax>
      <ymax>182.23</ymax>
    </bndbox>
    <attributes>
      <attribute>
        <name>rotation</name>
        <value>11.700000000000003</value>
      </attribute>
    </attributes>
  </object>
</annotation>
