<annotation>
  <folder>result</folder>
  <filename>result_foto272.jpg_20.jpg</filename>
  <source>
    <database>Unknown</database>
    <annotation>Unknown</annotation>
    <image>Unknown</image>
  </source>
  <size>
    <width>147</width>
    <height>109</height>
    <depth></depth>
  </size>
  <segmented>0</segmented>
  <object>
    <name>3</name>
    <truncated>0</truncated>
    <occluded>0</occluded>
    <difficult>0</difficult>
    <bndbox>
      <xmin>67.9</xmin>
      <ymin>21.28</ymin>
      <xmax>97.78</xmax>
      <ymax>86.27</ymax>
    </bndbox>
    <attributes>
      <attribute>
        <name>rotation</name>
        <value>34.39999999999999</value>
      </attribute>
    </attributes>
  </object>
  <object>
    <name>8</name>
    <truncated>0</truncated>
    <occluded>0</occluded>
    <difficult>0</difficult>
    <bndbox>
      <xmin>40.88</xmin>
      <ymin>3.57</ymin>
      <xmax>73.72</xmax>
      <ymax>64.79</ymax>
    </bndbox>
    <attributes>
      <attribute>
        <name>rotation</name>
        <value>33.69999999999999</value>
      </attribute>
    </attributes>
  </object>
  <object>
    <name>9</name>
    <truncated>0</truncated>
    <occluded>0</occluded>
    <difficult>0</difficult>
    <bndbox>
      <xmin>82.61</xmin>
      <ymin>75.91</ymin>
      <xmax>98.4</xmax>
      <ymax>97.93</ymax>
    </bndbox>
    <attributes>
      <attribute>
        <name>rotation</name>
        <value>33.10000000000001</value>
      </attribute>
    </attributes>
  </object>
</annotation>
