<annotation>
  <folder>result</folder>
  <filename>result_foto14128.jpg_113.jpg</filename>
  <source>
    <database>Unknown</database>
    <annotation>Unknown</annotation>
    <image>Unknown</image>
  </source>
  <size>
    <width>124</width>
    <height>263</height>
    <depth></depth>
  </size>
  <segmented>0</segmented>
  <object>
    <name>8</name>
    <truncated>0</truncated>
    <occluded>0</occluded>
    <difficult>0</difficult>
    <bndbox>
      <xmin>10.7</xmin>
      <ymin>140.78</ymin>
      <xmax>31.22</xmax>
      <ymax>220.74</ymax>
    </bndbox>
    <attributes>
      <attribute>
        <name>rotation</name>
        <value>22.500000000000057</value>
      </attribute>
    </attributes>
  </object>
  <object>
    <name>2</name>
    <truncated>0</truncated>
    <occluded>0</occluded>
    <difficult>0</difficult>
    <bndbox>
      <xmin>42.82</xmin>
      <ymin>162.13</ymin>
      <xmax>63.23</xmax>
      <ymax>253.19</ymax>
    </bndbox>
    <attributes>
      <attribute>
        <name>rotation</name>
        <value>19.799999999999997</value>
      </attribute>
    </attributes>
  </object>
  <object>
    <name>1</name>
    <truncated>0</truncated>
    <occluded>0</occluded>
    <difficult>0</difficult>
    <bndbox>
      <xmin>30.03</xmin>
      <ymin>156.59</ymin>
      <xmax>45.17</xmax>
      <ymax>240.87</ymax>
    </bndbox>
    <attributes>
      <attribute>
        <name>rotation</name>
        <value>19.900000000000006</value>
      </attribute>
    </attributes>
  </object>
</annotation>
