<annotation>
  <folder>result</folder>
  <filename>result_foto1616.jpg_54.jpg</filename>
  <source>
    <database>Unknown</database>
    <annotation>Unknown</annotation>
    <image>Unknown</image>
  </source>
  <size>
    <width>146</width>
    <height>250</height>
    <depth></depth>
  </size>
  <segmented>0</segmented>
  <object>
    <name>6</name>
    <truncated>0</truncated>
    <occluded>0</occluded>
    <difficult>0</difficult>
    <bndbox>
      <xmin>32.68</xmin>
      <ymin>106.98</ymin>
      <xmax>60.8</xmax>
      <ymax>168.86</ymax>
    </bndbox>
    <attributes>
      <attribute>
        <name>rotation</name>
        <value>36.60000000000001</value>
      </attribute>
    </attributes>
  </object>
  <object>
    <name>2</name>
    <truncated>0</truncated>
    <occluded>0</occluded>
    <difficult>0</difficult>
    <bndbox>
      <xmin>49.54</xmin>
      <ymin>131.14</ymin>
      <xmax>84.16</xmax>
      <ymax>195.89</ymax>
    </bndbox>
    <attributes>
      <attribute>
        <name>rotation</name>
        <value>35.89999999999998</value>
      </attribute>
    </attributes>
  </object>
  <object>
    <name>7</name>
    <truncated>0</truncated>
    <occluded>0</occluded>
    <difficult>0</difficult>
    <bndbox>
      <xmin>90.48</xmin>
      <ymin>215.32</ymin>
      <xmax>105.26</xmax>
      <ymax>238.66</ymax>
    </bndbox>
    <attributes>
      <attribute>
        <name>rotation</name>
        <value>38.900000000000034</value>
      </attribute>
    </attributes>
  </object>
  <object>
    <name>3</name>
    <truncated>0</truncated>
    <occluded>0</occluded>
    <difficult>0</difficult>
    <bndbox>
      <xmin>74.8</xmin>
      <ymin>159.27</ymin>
      <xmax>106.89</xmax>
      <ymax>222.2</ymax>
    </bndbox>
    <attributes>
      <attribute>
        <name>rotation</name>
        <value>34.2</value>
      </attribute>
    </attributes>
  </object>
  <object>
    <name>6</name>
    <truncated>0</truncated>
    <occluded>0</occluded>
    <difficult>0</difficult>
    <bndbox>
      <xmin>12.61</xmin>
      <ymin>82.11</ymin>
      <xmax>38.21</xmax>
      <ymax>142.01</ymax>
    </bndbox>
    <attributes>
      <attribute>
        <name>rotation</name>
        <value>36.60000000000001</value>
      </attribute>
    </attributes>
  </object>
</annotation>
