<annotation>
  <folder>result</folder>
  <filename>result_foto16110.jpg_4.jpg</filename>
  <source>
    <database>Unknown</database>
    <annotation>Unknown</annotation>
    <image>Unknown</image>
  </source>
  <size>
    <width>265</width>
    <height>237</height>
    <depth></depth>
  </size>
  <segmented>0</segmented>
  <object>
    <name>2</name>
    <truncated>0</truncated>
    <occluded>0</occluded>
    <difficult>0</difficult>
    <bndbox>
      <xmin>111.14</xmin>
      <ymin>160.88</ymin>
      <xmax>159.09</xmax>
      <ymax>233.15</ymax>
    </bndbox>
    <attributes>
      <attribute>
        <name>rotation</name>
        <value>7.900000000000034</value>
      </attribute>
    </attributes>
  </object>
  <object>
    <name>1</name>
    <truncated>0</truncated>
    <occluded>0</occluded>
    <difficult>0</difficult>
    <bndbox>
      <xmin>206.14</xmin>
      <ymin>204.75</ymin>
      <xmax>224.48</xmax>
      <ymax>232.67</ymax>
    </bndbox>
    <attributes>
      <attribute>
        <name>rotation</name>
        <value>0.0</value>
      </attribute>
    </attributes>
  </object>
  <object>
    <name>6</name>
    <truncated>0</truncated>
    <occluded>0</occluded>
    <difficult>0</difficult>
    <bndbox>
      <xmin>15.04</xmin>
      <ymin>152.8</ymin>
      <xmax>60.21</xmax>
      <ymax>231.13</ymax>
    </bndbox>
    <attributes>
      <attribute>
        <name>rotation</name>
        <value>14.099999999999994</value>
      </attribute>
    </attributes>
  </object>
  <object>
    <name>8</name>
    <truncated>0</truncated>
    <occluded>0</occluded>
    <difficult>0</difficult>
    <bndbox>
      <xmin>61.29</xmin>
      <ymin>156.82</ymin>
      <xmax>111.42</xmax>
      <ymax>232.92</ymax>
    </bndbox>
    <attributes>
      <attribute>
        <name>rotation</name>
        <value>10.5</value>
      </attribute>
    </attributes>
  </object>
  <object>
    <name>7</name>
    <truncated>0</truncated>
    <occluded>0</occluded>
    <difficult>0</difficult>
    <bndbox>
      <xmin>157.14</xmin>
      <ymin>157.18</ymin>
      <xmax>208.29</xmax>
      <ymax>235.64</ymax>
    </bndbox>
    <attributes>
      <attribute>
        <name>rotation</name>
        <value>10.899999999999977</value>
      </attribute>
    </attributes>
  </object>
</annotation>
