<annotation>
  <folder>result</folder>
  <filename>result_foto14217.jpg_96.jpg</filename>
  <source>
    <database>Unknown</database>
    <annotation>Unknown</annotation>
    <image>Unknown</image>
  </source>
  <size>
    <width>223</width>
    <height>248</height>
    <depth></depth>
  </size>
  <segmented>0</segmented>
  <object>
    <name>1</name>
    <truncated>0</truncated>
    <occluded>0</occluded>
    <difficult>0</difficult>
    <bndbox>
      <xmin>106.28</xmin>
      <ymin>98.65</ymin>
      <xmax>139.41</xmax>
      <ymax>175.71</ymax>
    </bndbox>
    <attributes>
      <attribute>
        <name>rotation</name>
        <value>312.5</value>
      </attribute>
    </attributes>
  </object>
  <object>
    <name>8</name>
    <truncated>0</truncated>
    <occluded>0</occluded>
    <difficult>0</difficult>
    <bndbox>
      <xmin>63.55</xmin>
      <ymin>131.72</ymin>
      <xmax>107.08</xmax>
      <ymax>209.29</ymax>
    </bndbox>
    <attributes>
      <attribute>
        <name>rotation</name>
        <value>313.1</value>
      </attribute>
    </attributes>
  </object>
  <object>
    <name>2</name>
    <truncated>0</truncated>
    <occluded>0</occluded>
    <difficult>0</difficult>
    <bndbox>
      <xmin>135.78</xmin>
      <ymin>62.59</ymin>
      <xmax>177.66</xmax>
      <ymax>143.84</ymax>
    </bndbox>
    <attributes>
      <attribute>
        <name>rotation</name>
        <value>311.7</value>
      </attribute>
    </attributes>
  </object>
  <object>
    <name>5</name>
    <truncated>0</truncated>
    <occluded>0</occluded>
    <difficult>0</difficult>
    <bndbox>
      <xmin>186.69</xmin>
      <ymin>77.87</ymin>
      <xmax>212.03</xmax>
      <ymax>109.07</ymax>
    </bndbox>
    <attributes>
      <attribute>
        <name>rotation</name>
        <value>309.0</value>
      </attribute>
    </attributes>
  </object>
  <object>
    <name>6</name>
    <truncated>0</truncated>
    <occluded>0</occluded>
    <difficult>0</difficult>
    <bndbox>
      <xmin>30.0</xmin>
      <ymin>167.52</ymin>
      <xmax>73.05</xmax>
      <ymax>246.71</ymax>
    </bndbox>
    <attributes>
      <attribute>
        <name>rotation</name>
        <value>311.4</value>
      </attribute>
    </attributes>
  </object>
</annotation>
