<annotation>
  <folder>result</folder>
  <filename>result_foto263.jpg_40.jpg</filename>
  <source>
    <database>Unknown</database>
    <annotation>Unknown</annotation>
    <image>Unknown</image>
  </source>
  <size>
    <width>105</width>
    <height>166</height>
    <depth></depth>
  </size>
  <segmented>0</segmented>
  <object>
    <name>6</name>
    <truncated>0</truncated>
    <occluded>0</occluded>
    <difficult>0</difficult>
    <bndbox>
      <xmin>18.35</xmin>
      <ymin>34.74</ymin>
      <xmax>52.97</xmax>
      <ymax>101.66</ymax>
    </bndbox>
    <attributes>
      <attribute>
        <name>rotation</name>
        <value>42.19999999999999</value>
      </attribute>
    </attributes>
  </object>
  <object>
    <name>8</name>
    <truncated>0</truncated>
    <occluded>0</occluded>
    <difficult>0</difficult>
    <bndbox>
      <xmin>46.26</xmin>
      <ymin>58.36</ymin>
      <xmax>81.25</xmax>
      <ymax>125.83</ymax>
    </bndbox>
    <attributes>
      <attribute>
        <name>rotation</name>
        <value>41.5</value>
      </attribute>
    </attributes>
  </object>
</annotation>
