<annotation>
  <folder>result</folder>
  <filename>result_foto14072.jpg_153.jpg</filename>
  <source>
    <database>Unknown</database>
    <annotation>Unknown</annotation>
    <image>Unknown</image>
  </source>
  <size>
    <width>165</width>
    <height>248</height>
    <depth></depth>
  </size>
  <segmented>0</segmented>
  <object>
    <name>8</name>
    <truncated>0</truncated>
    <occluded>0</occluded>
    <difficult>0</difficult>
    <bndbox>
      <xmin>37.41</xmin>
      <ymin>123.93</ymin>
      <xmax>60.9</xmax>
      <ymax>202.18</ymax>
    </bndbox>
    <attributes>
      <attribute>
        <name>rotation</name>
        <value>26.10000000000001</value>
      </attribute>
    </attributes>
  </object>
  <object>
    <name>2</name>
    <truncated>0</truncated>
    <occluded>0</occluded>
    <difficult>0</difficult>
    <bndbox>
      <xmin>83.78</xmin>
      <ymin>150.07</ymin>
      <xmax>108.93</xmax>
      <ymax>232.74</ymax>
    </bndbox>
    <attributes>
      <attribute>
        <name>rotation</name>
        <value>26.200000000000003</value>
      </attribute>
    </attributes>
  </object>
  <object>
    <name>6</name>
    <truncated>0</truncated>
    <occluded>0</occluded>
    <difficult>0</difficult>
    <bndbox>
      <xmin>16.61</xmin>
      <ymin>111.33</ymin>
      <xmax>39.06</xmax>
      <ymax>186.13</ymax>
    </bndbox>
    <attributes>
      <attribute>
        <name>rotation</name>
        <value>29.400000000000006</value>
      </attribute>
    </attributes>
  </object>
  <object>
    <name>1</name>
    <truncated>0</truncated>
    <occluded>0</occluded>
    <difficult>0</difficult>
    <bndbox>
      <xmin>61.17</xmin>
      <ymin>139.73</ymin>
      <xmax>85.17</xmax>
      <ymax>218.4</ymax>
    </bndbox>
    <attributes>
      <attribute>
        <name>rotation</name>
        <value>25.299999999999997</value>
      </attribute>
    </attributes>
  </object>
</annotation>
