<annotation>
  <folder>result</folder>
  <filename>result_foto7.jpg_13.jpg</filename>
  <source>
    <database>Unknown</database>
    <annotation>Unknown</annotation>
    <image>Unknown</image>
  </source>
  <size>
    <width>129</width>
    <height>90</height>
    <depth></depth>
  </size>
  <segmented>0</segmented>
  <object>
    <name>8</name>
    <truncated>0</truncated>
    <occluded>0</occluded>
    <difficult>0</difficult>
    <bndbox>
      <xmin>37.71</xmin>
      <ymin>37.8</ymin>
      <xmax>62.23</xmax>
      <ymax>85.11</ymax>
    </bndbox>
    <attributes>
      <attribute>
        <name>rotation</name>
        <value>0.0</value>
      </attribute>
    </attributes>
  </object>
  <object>
    <name>6</name>
    <truncated>0</truncated>
    <occluded>0</occluded>
    <difficult>0</difficult>
    <bndbox>
      <xmin>93.75</xmin>
      <ymin>35.47</ymin>
      <xmax>118.41</xmax>
      <ymax>84.38</ymax>
    </bndbox>
    <attributes>
      <attribute>
        <name>rotation</name>
        <value>0.0</value>
      </attribute>
    </attributes>
  </object>
  <object>
    <name>0</name>
    <truncated>0</truncated>
    <occluded>0</occluded>
    <difficult>0</difficult>
    <bndbox>
      <xmin>64.5</xmin>
      <ymin>37.8</ymin>
      <xmax>90.22</xmax>
      <ymax>84.85</ymax>
    </bndbox>
    <attributes>
      <attribute>
        <name>rotation</name>
        <value>0.0</value>
      </attribute>
    </attributes>
  </object>
  <object>
    <name>6</name>
    <truncated>0</truncated>
    <occluded>0</occluded>
    <difficult>0</difficult>
    <bndbox>
      <xmin>9.46</xmin>
      <ymin>37.8</ymin>
      <xmax>34.11</xmax>
      <ymax>86.71</ymax>
    </bndbox>
    <attributes>
      <attribute>
        <name>rotation</name>
        <value>0.0</value>
      </attribute>
    </attributes>
  </object>
</annotation>
