<annotation>
  <folder>result</folder>
  <filename>result_foto14129.jpg_104.jpg</filename>
  <source>
    <database>Unknown</database>
    <annotation>Unknown</annotation>
    <image>Unknown</image>
  </source>
  <size>
    <width>148</width>
    <height>274</height>
    <depth></depth>
  </size>
  <segmented>0</segmented>
  <object>
    <name>8</name>
    <truncated>0</truncated>
    <occluded>0</occluded>
    <difficult>0</difficult>
    <bndbox>
      <xmin>33.04</xmin>
      <ymin>146.44</ymin>
      <xmax>55.72</xmax>
      <ymax>228.93</ymax>
    </bndbox>
    <attributes>
      <attribute>
        <name>rotation</name>
        <value>12.200000000000003</value>
      </attribute>
    </attributes>
  </object>
  <object>
    <name>2</name>
    <truncated>0</truncated>
    <occluded>0</occluded>
    <difficult>0</difficult>
    <bndbox>
      <xmin>79.93</xmin>
      <ymin>166.35</ymin>
      <xmax>107.8</xmax>
      <ymax>255.91</ymax>
    </bndbox>
    <attributes>
      <attribute>
        <name>rotation</name>
        <value>16.10000000000001</value>
      </attribute>
    </attributes>
  </object>
  <object>
    <name>5</name>
    <truncated>0</truncated>
    <occluded>0</occluded>
    <difficult>0</difficult>
    <bndbox>
      <xmin>98.74</xmin>
      <ymin>231.58</ymin>
      <xmax>113.76</xmax>
      <ymax>262.81</ymax>
    </bndbox>
    <attributes>
      <attribute>
        <name>rotation</name>
        <value>13.700000000000003</value>
      </attribute>
    </attributes>
  </object>
  <object>
    <name>1</name>
    <truncated>0</truncated>
    <occluded>0</occluded>
    <difficult>0</difficult>
    <bndbox>
      <xmin>58.37</xmin>
      <ymin>161.76</ymin>
      <xmax>79.0</xmax>
      <ymax>241.6</ymax>
    </bndbox>
    <attributes>
      <attribute>
        <name>rotation</name>
        <value>14.099999999999994</value>
      </attribute>
    </attributes>
  </object>
  <object>
    <name>6</name>
    <truncated>0</truncated>
    <occluded>0</occluded>
    <difficult>0</difficult>
    <bndbox>
      <xmin>9.25</xmin>
      <ymin>136.38</ymin>
      <xmax>30.93</xmax>
      <ymax>212.46</ymax>
    </bndbox>
    <attributes>
      <attribute>
        <name>rotation</name>
        <value>10.799999999999997</value>
      </attribute>
    </attributes>
  </object>
</annotation>
