<annotation>
  <folder>result</folder>
  <filename>result_foto14025.jpg_104.jpg</filename>
  <source>
    <database>Unknown</database>
    <annotation>Unknown</annotation>
    <image>Unknown</image>
  </source>
  <size>
    <width>188</width>
    <height>173</height>
    <depth></depth>
  </size>
  <segmented>0</segmented>
  <object>
    <name>1</name>
    <truncated>0</truncated>
    <occluded>0</occluded>
    <difficult>0</difficult>
    <bndbox>
      <xmin>90.1</xmin>
      <ymin>109.1</ymin>
      <xmax>114.2</xmax>
      <ymax>163.09</ymax>
    </bndbox>
    <attributes>
      <attribute>
        <name>rotation</name>
        <value>3.999999999999986</value>
      </attribute>
    </attributes>
  </object>
  <object>
    <name>6</name>
    <truncated>0</truncated>
    <occluded>0</occluded>
    <difficult>0</difficult>
    <bndbox>
      <xmin>6.99</xmin>
      <ymin>111.55</ymin>
      <xmax>40.2</xmax>
      <ymax>165.55</ymax>
    </bndbox>
    <attributes>
      <attribute>
        <name>rotation</name>
        <value>359.6</value>
      </attribute>
    </attributes>
  </object>
  <object>
    <name>2</name>
    <truncated>0</truncated>
    <occluded>0</occluded>
    <difficult>0</difficult>
    <bndbox>
      <xmin>117.4</xmin>
      <ymin>108.29</ymin>
      <xmax>151.68</xmax>
      <ymax>163.06</ymax>
    </bndbox>
    <attributes>
      <attribute>
        <name>rotation</name>
        <value>1.8999999999999915</value>
      </attribute>
    </attributes>
  </object>
  <object>
    <name>8</name>
    <truncated>0</truncated>
    <occluded>0</occluded>
    <difficult>0</difficult>
    <bndbox>
      <xmin>45.13</xmin>
      <ymin>110.68</ymin>
      <xmax>78.73</xmax>
      <ymax>165.1</ymax>
    </bndbox>
    <attributes>
      <attribute>
        <name>rotation</name>
        <value>1.7999999999999972</value>
      </attribute>
    </attributes>
  </object>
</annotation>
