<annotation>
  <folder>result</folder>
  <filename>result_foto6807.jpg_3.jpg</filename>
  <source>
    <database>Unknown</database>
    <annotation>Unknown</annotation>
    <image>Unknown</image>
  </source>
  <size>
    <width>244</width>
    <height>304</height>
    <depth></depth>
  </size>
  <segmented>0</segmented>
  <object>
    <name>6</name>
    <truncated>0</truncated>
    <occluded>0</occluded>
    <difficult>0</difficult>
    <bndbox>
      <xmin>20.02</xmin>
      <ymin>205.62</ymin>
      <xmax>63.81999999999999</xmax>
      <ymax>296.82</ymax>
    </bndbox>
    <attributes>
      <attribute>
        <name>rotation</name>
        <value>353.9</value>
      </attribute>
    </attributes>
  </object>
  <object>
    <name>0</name>
    <truncated>0</truncated>
    <occluded>0</occluded>
    <difficult>0</difficult>
    <bndbox>
      <xmin>209.21</xmin>
      <ymin>205.95</ymin>
      <xmax>234.74</xmax>
      <ymax>239.62</ymax>
    </bndbox>
    <attributes>
      <attribute>
        <name>rotation</name>
        <value>351.6</value>
      </attribute>
    </attributes>
  </object>
  <object>
    <name>4</name>
    <truncated>0</truncated>
    <occluded>0</occluded>
    <difficult>0</difficult>
    <bndbox>
      <xmin>166.1</xmin>
      <ymin>165.81</ymin>
      <xmax>205.37</xmax>
      <ymax>251.78</ymax>
    </bndbox>
    <attributes>
      <attribute>
        <name>rotation</name>
        <value>351.8999999999999</value>
      </attribute>
    </attributes>
  </object>
  <object>
    <name>2</name>
    <truncated>0</truncated>
    <occluded>0</occluded>
    <difficult>0</difficult>
    <bndbox>
      <xmin>115.79</xmin>
      <ymin>177.84</ymin>
      <xmax>162.54</xmax>
      <ymax>266.75</ymax>
    </bndbox>
    <attributes>
      <attribute>
        <name>rotation</name>
        <value>349.0</value>
      </attribute>
    </attributes>
  </object>
  <object>
    <name>8</name>
    <truncated>0</truncated>
    <occluded>0</occluded>
    <difficult>0</difficult>
    <bndbox>
      <xmin>67.09</xmin>
      <ymin>194.18</ymin>
      <xmax>111.54</xmax>
      <ymax>279.17</ymax>
    </bndbox>
    <attributes>
      <attribute>
        <name>rotation</name>
        <value>352.5</value>
      </attribute>
    </attributes>
  </object>
</annotation>
