<annotation>
  <folder>result</folder>
  <filename>result_foto16105.jpg_11.jpg</filename>
  <source>
    <database>Unknown</database>
    <annotation>Unknown</annotation>
    <image>Unknown</image>
  </source>
  <size>
    <width>268</width>
    <height>235</height>
    <depth></depth>
  </size>
  <segmented>0</segmented>
  <object>
    <name>2</name>
    <truncated>0</truncated>
    <occluded>0</occluded>
    <difficult>0</difficult>
    <bndbox>
      <xmin>115.24</xmin>
      <ymin>153.24</ymin>
      <xmax>151.01</xmax>
      <ymax>231.42</ymax>
    </bndbox>
    <attributes>
      <attribute>
        <name>rotation</name>
        <value>26.80000000000001</value>
      </attribute>
    </attributes>
  </object>
  <object>
    <name>6</name>
    <truncated>0</truncated>
    <occluded>0</occluded>
    <difficult>0</difficult>
    <bndbox>
      <xmin>28.44</xmin>
      <ymin>137.21</ymin>
      <xmax>65.54</xmax>
      <ymax>221.65</ymax>
    </bndbox>
    <attributes>
      <attribute>
        <name>rotation</name>
        <value>28.100000000000037</value>
      </attribute>
    </attributes>
  </object>
  <object>
    <name>8</name>
    <truncated>0</truncated>
    <occluded>0</occluded>
    <difficult>0</difficult>
    <bndbox>
      <xmin>70.09</xmin>
      <ymin>144.46</ymin>
      <xmax>109.96</xmax>
      <ymax>229.18</ymax>
    </bndbox>
    <attributes>
      <attribute>
        <name>rotation</name>
        <value>31.0</value>
      </attribute>
    </attributes>
  </object>
  <object>
    <name>7</name>
    <truncated>0</truncated>
    <occluded>0</occluded>
    <difficult>0</difficult>
    <bndbox>
      <xmin>157.49</xmin>
      <ymin>150.68</ymin>
      <xmax>188.46</xmax>
      <ymax>241.49</ymax>
    </bndbox>
    <attributes>
      <attribute>
        <name>rotation</name>
        <value>37.000000000000014</value>
      </attribute>
    </attributes>
  </object>
</annotation>
