<annotation>
  <folder>result</folder>
  <filename>result_foto6802.jpg_26.jpg</filename>
  <source>
    <database>Unknown</database>
    <annotation>Unknown</annotation>
    <image>Unknown</image>
  </source>
  <size>
    <width>281</width>
    <height>297</height>
    <depth></depth>
  </size>
  <segmented>0</segmented>
  <object>
    <name>0</name>
    <truncated>0</truncated>
    <occluded>0</occluded>
    <difficult>0</difficult>
    <bndbox>
      <xmin>209.78</xmin>
      <ymin>257.63</ymin>
      <xmax>237.37</xmax>
      <ymax>286.88</ymax>
    </bndbox>
    <attributes>
      <attribute>
        <name>rotation</name>
        <value>14.600000000000009</value>
      </attribute>
    </attributes>
  </object>
  <object>
    <name>6</name>
    <truncated>0</truncated>
    <occluded>0</occluded>
    <difficult>0</difficult>
    <bndbox>
      <xmin>16.66</xmin>
      <ymin>129.37</ymin>
      <xmax>65.69</xmax>
      <ymax>217.75</ymax>
    </bndbox>
    <attributes>
      <attribute>
        <name>rotation</name>
        <value>20.200000000000017</value>
      </attribute>
    </attributes>
  </object>
  <object>
    <name>8</name>
    <truncated>0</truncated>
    <occluded>0</occluded>
    <difficult>0</difficult>
    <bndbox>
      <xmin>65.91</xmin>
      <ymin>156.35</ymin>
      <xmax>112.21</xmax>
      <ymax>238.74</ymax>
    </bndbox>
    <attributes>
      <attribute>
        <name>rotation</name>
        <value>19.099999999999994</value>
      </attribute>
    </attributes>
  </object>
  <object>
    <name>2</name>
    <truncated>0</truncated>
    <occluded>0</occluded>
    <difficult>0</difficult>
    <bndbox>
      <xmin>117.96</xmin>
      <ymin>172.3</ymin>
      <xmax>167.3</xmax>
      <ymax>261.4</ymax>
    </bndbox>
    <attributes>
      <attribute>
        <name>rotation</name>
        <value>20.10000000000001</value>
      </attribute>
    </attributes>
  </object>
  <object>
    <name>4</name>
    <truncated>0</truncated>
    <occluded>0</occluded>
    <difficult>0</difficult>
    <bndbox>
      <xmin>167.34</xmin>
      <ymin>189.37</ymin>
      <xmax>216.84</xmax>
      <ymax>281.03</ymax>
    </bndbox>
    <attributes>
      <attribute>
        <name>rotation</name>
        <value>21.5</value>
      </attribute>
    </attributes>
  </object>
</annotation>
