<annotation>
  <folder>result</folder>
  <filename>result_foto11729.jpg_4.jpg</filename>
  <source>
    <database>Unknown</database>
    <annotation>Unknown</annotation>
    <image>Unknown</image>
  </source>
  <size>
    <width>268</width>
    <height>302</height>
    <depth></depth>
  </size>
  <segmented>0</segmented>
  <object>
    <name>0</name>
    <truncated>0</truncated>
    <occluded>0</occluded>
    <difficult>0</difficult>
    <bndbox>
      <xmin>214.2</xmin>
      <ymin>243.56</ymin>
      <xmax>240.83</xmax>
      <ymax>276.36</ymax>
    </bndbox>
    <attributes>
      <attribute>
        <name>rotation</name>
        <value>4.500000000000014</value>
      </attribute>
    </attributes>
  </object>
  <object>
    <name>4</name>
    <truncated>0</truncated>
    <occluded>0</occluded>
    <difficult>0</difficult>
    <bndbox>
      <xmin>169.11</xmin>
      <ymin>189.88</ymin>
      <xmax>214.51</xmax>
      <ymax>283.59</ymax>
    </bndbox>
    <attributes>
      <attribute>
        <name>rotation</name>
        <value>4.700000000000031</value>
      </attribute>
    </attributes>
  </object>
  <object>
    <name>2</name>
    <truncated>0</truncated>
    <occluded>0</occluded>
    <difficult>0</difficult>
    <bndbox>
      <xmin>115.82</xmin>
      <ymin>188.86</ymin>
      <xmax>166.88</xmax>
      <ymax>287.62</ymax>
    </bndbox>
    <attributes>
      <attribute>
        <name>rotation</name>
        <value>1.8999999999999915</value>
      </attribute>
    </attributes>
  </object>
  <object>
    <name>8</name>
    <truncated>0</truncated>
    <occluded>0</occluded>
    <difficult>0</difficult>
    <bndbox>
      <xmin>62.01</xmin>
      <ymin>195.33</ymin>
      <xmax>113.45</xmax>
      <ymax>290.72</ymax>
    </bndbox>
    <attributes>
      <attribute>
        <name>rotation</name>
        <value>0.0</value>
      </attribute>
    </attributes>
  </object>
  <object>
    <name>6</name>
    <truncated>0</truncated>
    <occluded>0</occluded>
    <difficult>0</difficult>
    <bndbox>
      <xmin>6.37</xmin>
      <ymin>201.88</ymin>
      <xmax>56.87</xmax>
      <ymax>294.46</ymax>
    </bndbox>
    <attributes>
      <attribute>
        <name>rotation</name>
        <value>0.0</value>
      </attribute>
    </attributes>
  </object>
</annotation>
