<annotation>
  <folder>result</folder>
  <filename>result_foto7064.jpg_61.jpg</filename>
  <source>
    <database>Unknown</database>
    <annotation>Unknown</annotation>
    <image>Unknown</image>
  </source>
  <size>
    <width>268</width>
    <height>280</height>
    <depth></depth>
  </size>
  <segmented>0</segmented>
  <object>
    <name>6</name>
    <truncated>0</truncated>
    <occluded>0</occluded>
    <difficult>0</difficult>
    <bndbox>
      <xmin>19.72</xmin>
      <ymin>127.86</ymin>
      <xmax>65.56</xmax>
      <ymax>213.74</ymax>
    </bndbox>
    <attributes>
      <attribute>
        <name>rotation</name>
        <value>20.799999999999997</value>
      </attribute>
    </attributes>
  </object>
  <object>
    <name>8</name>
    <truncated>0</truncated>
    <occluded>0</occluded>
    <difficult>0</difficult>
    <bndbox>
      <xmin>110.97</xmin>
      <ymin>160.53</ymin>
      <xmax>155.15</xmax>
      <ymax>249.65</ymax>
    </bndbox>
    <attributes>
      <attribute>
        <name>rotation</name>
        <value>20.300000000000026</value>
      </attribute>
    </attributes>
  </object>
  <object>
    <name>8</name>
    <truncated>0</truncated>
    <occluded>0</occluded>
    <difficult>0</difficult>
    <bndbox>
      <xmin>67.05</xmin>
      <ymin>142.41</ymin>
      <xmax>111.23</xmax>
      <ymax>231.53</ymax>
    </bndbox>
    <attributes>
      <attribute>
        <name>rotation</name>
        <value>20.300000000000026</value>
      </attribute>
    </attributes>
  </object>
  <object>
    <name>7</name>
    <truncated>0</truncated>
    <occluded>0</occluded>
    <difficult>0</difficult>
    <bndbox>
      <xmin>152.06</xmin>
      <ymin>175.22</ymin>
      <xmax>198.73</xmax>
      <ymax>271.86</ymax>
    </bndbox>
    <attributes>
      <attribute>
        <name>rotation</name>
        <value>18.89999999999999</value>
      </attribute>
    </attributes>
  </object>
</annotation>
