<annotation>
  <folder>result</folder>
  <filename>result_foto17552.jpg_72.jpg</filename>
  <source>
    <database>Unknown</database>
    <annotation>Unknown</annotation>
    <image>Unknown</image>
  </source>
  <size>
    <width>198</width>
    <height>222</height>
    <depth></depth>
  </size>
  <segmented>0</segmented>
  <object>
    <name>8</name>
    <truncated>0</truncated>
    <occluded>0</occluded>
    <difficult>0</difficult>
    <bndbox>
      <xmin>95.4</xmin>
      <ymin>132.49</ymin>
      <xmax>126.51</xmax>
      <ymax>201.96</ymax>
    </bndbox>
    <attributes>
      <attribute>
        <name>rotation</name>
        <value>343.0</value>
      </attribute>
    </attributes>
  </object>
  <object>
    <name>6</name>
    <truncated>0</truncated>
    <occluded>0</occluded>
    <difficult>0</difficult>
    <bndbox>
      <xmin>28.59</xmin>
      <ymin>145.62</ymin>
      <xmax>60.81</xmax>
      <ymax>214.83</ymax>
    </bndbox>
    <attributes>
      <attribute>
        <name>rotation</name>
        <value>344.2</value>
      </attribute>
    </attributes>
  </object>
  <object>
    <name>6</name>
    <truncated>0</truncated>
    <occluded>0</occluded>
    <difficult>0</difficult>
    <bndbox>
      <xmin>171.57</xmin>
      <ymin>161.38</ymin>
      <xmax>190.43</xmax>
      <ymax>187.88</ymax>
    </bndbox>
    <attributes>
      <attribute>
        <name>rotation</name>
        <value>0.0</value>
      </attribute>
    </attributes>
  </object>
  <object>
    <name>4</name>
    <truncated>0</truncated>
    <occluded>0</occluded>
    <difficult>0</difficult>
    <bndbox>
      <xmin>130.75</xmin>
      <ymin>125.1</ymin>
      <xmax>164.41</xmax>
      <ymax>193.61</ymax>
    </bndbox>
    <attributes>
      <attribute>
        <name>rotation</name>
        <value>348.2</value>
      </attribute>
    </attributes>
  </object>
  <object>
    <name>8</name>
    <truncated>0</truncated>
    <occluded>0</occluded>
    <difficult>0</difficult>
    <bndbox>
      <xmin>62.31</xmin>
      <ymin>140.19</ymin>
      <xmax>93.42</xmax>
      <ymax>207.9</ymax>
    </bndbox>
    <attributes>
      <attribute>
        <name>rotation</name>
        <value>343.0</value>
      </attribute>
    </attributes>
  </object>
</annotation>
