<annotation>
  <folder>result</folder>
  <filename>result_foto17554.jpg_122.jpg</filename>
  <source>
    <database>Unknown</database>
    <annotation>Unknown</annotation>
    <image>Unknown</image>
  </source>
  <size>
    <width>176</width>
    <height>146</height>
    <depth></depth>
  </size>
  <segmented>0</segmented>
  <object>
    <name>8</name>
    <truncated>0</truncated>
    <occluded>0</occluded>
    <difficult>0</difficult>
    <bndbox>
      <xmin>41.45</xmin>
      <ymin>90.27</ymin>
      <xmax>74.18</xmax>
      <ymax>136.45</ymax>
    </bndbox>
    <attributes>
      <attribute>
        <name>rotation</name>
        <value>4.200000000000003</value>
      </attribute>
    </attributes>
  </object>
  <object>
    <name>6</name>
    <truncated>0</truncated>
    <occluded>0</occluded>
    <difficult>0</difficult>
    <bndbox>
      <xmin>5.1</xmin>
      <ymin>82.12</ymin>
      <xmax>38.0</xmax>
      <ymax>131.58</ymax>
    </bndbox>
    <attributes>
      <attribute>
        <name>rotation</name>
        <value>6.800000000000026</value>
      </attribute>
    </attributes>
  </object>
  <object>
    <name>4</name>
    <truncated>0</truncated>
    <occluded>0</occluded>
    <difficult>0</difficult>
    <bndbox>
      <xmin>116.91</xmin>
      <ymin>102.64</ymin>
      <xmax>149.82</xmax>
      <ymax>145.73</ymax>
    </bndbox>
    <attributes>
      <attribute>
        <name>rotation</name>
        <value>0.0</value>
      </attribute>
    </attributes>
  </object>
  <object>
    <name>8</name>
    <truncated>0</truncated>
    <occluded>0</occluded>
    <difficult>0</difficult>
    <bndbox>
      <xmin>78.91</xmin>
      <ymin>95.36</ymin>
      <xmax>111.64</xmax>
      <ymax>141.54</ymax>
    </bndbox>
    <attributes>
      <attribute>
        <name>rotation</name>
        <value>4.200000000000003</value>
      </attribute>
    </attributes>
  </object>
</annotation>
