<annotation>
  <folder>result</folder>
  <filename>result_foto14121.jpg_34.jpg</filename>
  <source>
    <database>Unknown</database>
    <annotation>Unknown</annotation>
    <image>Unknown</image>
  </source>
  <size>
    <width>184</width>
    <height>263</height>
    <depth></depth>
  </size>
  <segmented>0</segmented>
  <object>
    <name>1</name>
    <truncated>0</truncated>
    <occluded>0</occluded>
    <difficult>0</difficult>
    <bndbox>
      <xmin>93.7</xmin>
      <ymin>144.8</ymin>
      <xmax>121.13</xmax>
      <ymax>206.17</ymax>
    </bndbox>
    <attributes>
      <attribute>
        <name>rotation</name>
        <value>344.6</value>
      </attribute>
    </attributes>
  </object>
  <object>
    <name>6</name>
    <truncated>0</truncated>
    <occluded>0</occluded>
    <difficult>0</difficult>
    <bndbox>
      <xmin>19.61</xmin>
      <ymin>178.74</ymin>
      <xmax>48.45</xmax>
      <ymax>249.44</ymax>
    </bndbox>
    <attributes>
      <attribute>
        <name>rotation</name>
        <value>348.5</value>
      </attribute>
    </attributes>
  </object>
  <object>
    <name>8</name>
    <truncated>0</truncated>
    <occluded>0</occluded>
    <difficult>0</difficult>
    <bndbox>
      <xmin>54.68</xmin>
      <ymin>162.34</ymin>
      <xmax>86.92</xmax>
      <ymax>227.66</ymax>
    </bndbox>
    <attributes>
      <attribute>
        <name>rotation</name>
        <value>347.0</value>
      </attribute>
    </attributes>
  </object>
  <object>
    <name>2</name>
    <truncated>0</truncated>
    <occluded>0</occluded>
    <difficult>0</difficult>
    <bndbox>
      <xmin>122.26</xmin>
      <ymin>125.01</ymin>
      <xmax>157.9</xmax>
      <ymax>191.46</ymax>
    </bndbox>
    <attributes>
      <attribute>
        <name>rotation</name>
        <value>342.9</value>
      </attribute>
    </attributes>
  </object>
</annotation>
