<annotation>
  <folder>result</folder>
  <filename>result_foto16107.jpg_11.jpg</filename>
  <source>
    <database>Unknown</database>
    <annotation>Unknown</annotation>
    <image>Unknown</image>
  </source>
  <size>
    <width>245</width>
    <height>260</height>
    <depth></depth>
  </size>
  <segmented>0</segmented>
  <object>
    <name>8</name>
    <truncated>0</truncated>
    <occluded>0</occluded>
    <difficult>0</difficult>
    <bndbox>
      <xmin>63.55</xmin>
      <ymin>169.69</ymin>
      <xmax>104.25</xmax>
      <ymax>252.09</ymax>
    </bndbox>
    <attributes>
      <attribute>
        <name>rotation</name>
        <value>12.30000000000004</value>
      </attribute>
    </attributes>
  </object>
  <object>
    <name>7</name>
    <truncated>0</truncated>
    <occluded>0</occluded>
    <difficult>0</difficult>
    <bndbox>
      <xmin>153.47</xmin>
      <ymin>167.32</ymin>
      <xmax>194.57</xmax>
      <ymax>249.56</ymax>
    </bndbox>
    <attributes>
      <attribute>
        <name>rotation</name>
        <value>17.700000000000003</value>
      </attribute>
    </attributes>
  </object>
  <object>
    <name>2</name>
    <truncated>0</truncated>
    <occluded>0</occluded>
    <difficult>0</difficult>
    <bndbox>
      <xmin>107.58</xmin>
      <ymin>170.68</ymin>
      <xmax>145.6</xmax>
      <ymax>251.74</ymax>
    </bndbox>
    <attributes>
      <attribute>
        <name>rotation</name>
        <value>12.300000000000011</value>
      </attribute>
    </attributes>
  </object>
  <object>
    <name>6</name>
    <truncated>0</truncated>
    <occluded>0</occluded>
    <difficult>0</difficult>
    <bndbox>
      <xmin>20.03</xmin>
      <ymin>171.25</ymin>
      <xmax>59.72</xmax>
      <ymax>251.66</ymax>
    </bndbox>
    <attributes>
      <attribute>
        <name>rotation</name>
        <value>13.300000000000026</value>
      </attribute>
    </attributes>
  </object>
</annotation>
