<annotation>
  <folder>result</folder>
  <filename>result_foto246.jpg_21.jpg</filename>
  <source>
    <database>Unknown</database>
    <annotation>Unknown</annotation>
    <image>Unknown</image>
  </source>
  <size>
    <width>144</width>
    <height>131</height>
    <depth></depth>
  </size>
  <segmented>0</segmented>
  <object>
    <name>6</name>
    <truncated>0</truncated>
    <occluded>0</occluded>
    <difficult>0</difficult>
    <bndbox>
      <xmin>13.54</xmin>
      <ymin>55.23</ymin>
      <xmax>37.93</xmax>
      <ymax>122.76999999999998</ymax>
    </bndbox>
    <attributes>
      <attribute>
        <name>rotation</name>
        <value>353.9</value>
      </attribute>
    </attributes>
  </object>
  <object>
    <name>3</name>
    <truncated>0</truncated>
    <occluded>0</occluded>
    <difficult>0</difficult>
    <bndbox>
      <xmin>95.2</xmin>
      <ymin>30.89</ymin>
      <xmax>123.76</xmax>
      <ymax>97.02</ymax>
    </bndbox>
    <attributes>
      <attribute>
        <name>rotation</name>
        <value>349.1</value>
      </attribute>
    </attributes>
  </object>
  <object>
    <name>8</name>
    <truncated>0</truncated>
    <occluded>0</occluded>
    <difficult>0</difficult>
    <bndbox>
      <xmin>67.83</xmin>
      <ymin>38.2</ymin>
      <xmax>94.91</xmax>
      <ymax>104.1</ymax>
    </bndbox>
    <attributes>
      <attribute>
        <name>rotation</name>
        <value>350.7</value>
      </attribute>
    </attributes>
  </object>
  <object>
    <name>8</name>
    <truncated>0</truncated>
    <occluded>0</occluded>
    <difficult>0</difficult>
    <bndbox>
      <xmin>39.27</xmin>
      <ymin>47.05</ymin>
      <xmax>66.34</xmax>
      <ymax>112.95</ymax>
    </bndbox>
    <attributes>
      <attribute>
        <name>rotation</name>
        <value>350.7</value>
      </attribute>
    </attributes>
  </object>
  <object>
    <name>9</name>
    <truncated>0</truncated>
    <occluded>0</occluded>
    <difficult>0</difficult>
    <bndbox>
      <xmin>124.36</xmin>
      <ymin>65.35</ymin>
      <xmax>139.68</xmax>
      <ymax>90.49</ymax>
    </bndbox>
    <attributes>
      <attribute>
        <name>rotation</name>
        <value>0.0</value>
      </attribute>
    </attributes>
  </object>
</annotation>
